epoch,lambda,combined_loss,ce_loss,anchor_loss,training_accuracy,samples,training_seconds,seed,client_id
1,0.1,0.04817290465067891,0.04266736948458424,0.005505535123860541,0.984048588077961,414258,7.872203400009312,92,1
2,0.1,0.03333036441230892,0.02809131181403058,0.005239052716961499,0.9867522172172897,414258,7.866852700011805,92,1
3,0.1,0.032302587887482206,0.027053077848210608,0.005249510112164031,0.9870756871321736,414258,7.866325399998459,92,1
4,0.1,0.031970464103765764,0.026739125772498082,0.005231338401621927,0.9871287941331248,414258,7.765232799996738,92,1
5,0.1,0.03181438606313932,0.02649668809657856,0.005317697983950363,0.9871891429978419,414258,7.9464686999999685,92,1
1,0.5,0.06144825365999183,0.0461490747028498,0.01529917891325775,0.9839616857127683,414258,7.757819599995855,92,1
2,0.5,0.0466460312252627,0.03283499907820821,0.013811032156878997,0.9862911518908506,414258,7.862888599993312,92,1
3,0.5,0.046113864728370896,0.03225182781611883,0.013862036829550874,0.9864480589391152,414258,7.814490699995076,92,1
4,0.5,0.045484001350683895,0.03164156401282097,0.01384243745516796,0.9864915101217115,414258,7.844668000005186,92,1
5,0.5,0.045872455760624015,0.03196139239477536,0.013911063305642646,0.9863177053913261,414258,7.885952399999951,92,1
1,1.0,0.0719903995411269,0.04943069010276296,0.022559709221820178,0.9839230624393493,414258,7.843533399995067,92,1
2,1.0,0.057631907099617595,0.036635390753383255,0.020996516488822305,0.9860207889769178,414258,7.759147599994321,92,1
3,1.0,0.05772444107039253,0.03644532785850524,0.02127911331599557,0.9860763099324575,414258,7.691568300011568,92,1
4,1.0,0.057512749049665204,0.036100078665744106,0.02141267050081696,0.9859556122030232,414258,7.866451599998982,92,1
5,1.0,0.05782716420865206,0.036522681298651695,0.021304482977274615,0.9860835517962236,414258,7.943287900008727,92,1
1,2.0,0.08902258182857238,0.055996415390005036,0.03302616636506116,0.9833099179738231,414258,7.935152100006235,92,1
2,2.0,0.07612409893128197,0.04428198256957843,0.03184211664013495,0.9853014305094893,414258,7.843493899999885,92,1
3,2.0,0.07600857298732093,0.04389283794682866,0.032115735226245105,0.9853738491471499,414258,7.8999668000033125,92,1
4,2.0,0.07545297355982332,0.043404088956936954,0.03204888479943041,0.9853738491471499,414258,7.900996899988968,92,1
5,2.0,0.07616622519123381,0.04403777575218287,0.032128449537880514,0.9852579793268929,414258,7.789232199997059,92,1
1,5.0,0.12362585337967595,0.07215012035673411,0.05147573355645965,0.9812701263463832,414258,8.139049499994144,92,1
2,5.0,0.1128548846772563,0.061521781704477196,0.05133310287752862,0.983225429563219,414258,7.555155200010631,92,1
3,5.0,0.11298155935540102,0.061610575359675485,0.05137098390364047,0.9831264574250829,414258,7.756321799999569,92,1
4,5.0,0.11338114432562103,0.061729781270370036,0.051651363165051645,0.9830323131961242,414258,7.698580299998866,92,1
5,5.0,0.11320217946345039,0.06163177365979975,0.05157040625387823,0.9829140294212785,414258,7.79002319999563,92,1
1,10.0,0.1619443290151737,0.09463917185903002,0.06730515726236522,0.9772050268190354,414258,7.633520400006091,92,1
2,10.0,0.15430599165176923,0.08619111133202534,0.06811488002564724,0.9783082040660651,414258,7.7193482000002405,92,1
3,10.0,0.15341890159162558,0.08589781902186623,0.06752108298068893,0.9786533995722473,414258,11.755517000012333,92,1
4,10.0,0.15486248864155214,0.08650719896479397,0.0683552897369372,0.9783226877935972,414258,20.205401599989273,92,1
5,10.0,0.1548447335830661,0.08650186294022112,0.06834287023907357,0.9782261296100497,414258,20.06365059998643,92,1
1,0.1,0.046649029118044326,0.04061146725873618,0.006037561740246366,0.990294609277058,382880,18.19214080000529,92,2
2,0.1,0.02436502524237104,0.017995465288426753,0.0063695599595096465,0.9946719598829921,382880,18.507693399995333,92,2
3,0.1,0.022537319771276078,0.01585942406232231,0.006677895692880376,0.9950297743418304,382880,18.53485899999214,92,2
4,0.1,0.02187559226651571,0.015196565165337388,0.006679027035211264,0.9951551399916423,382880,17.720690899994224,92,2
5,0.1,0.02150311601312027,0.014756823709756884,0.006746292258840486,0.9953301295445048,382880,7.397726199997123,92,2
1,0.5,0.06017357595187074,0.04504481414500336,0.015128761530467346,0.9900543251149185,382880,7.288990499990177,92,2
2,0.5,0.039442221062842446,0.025094570019475047,0.014347651120737612,0.9937944003343084,382880,7.334879300004104,92,2
3,0.5,0.037985559235643354,0.02347844600026771,0.014507113236543204,0.9938048474717928,382880,7.506261300004553,92,2
4,0.5,0.037789315560336795,0.023149074720373673,0.014640240785710567,0.9939119306310071,382880,6.962859099992784,92,2
5,0.5,0.03773670460214637,0.02282994720085403,0.014906757359104555,0.9939223777684915,382880,6.983235399995465,92,2
1,1.0,0.07020487674281181,0.0485772475853992,0.021627629418634393,0.989910676974509,382880,6.967754000012064,92,2
2,1.0,0.05029810951424103,0.030047629299743674,0.02025048020095368,0.9931388424571668,382880,7.664507200010121,92,2
3,1.0,0.04991652105693233,0.029441869249228796,0.020474651694683862,0.9929899707480151,382880,7.482757899997523,92,2
4,1.0,0.04990408657156818,0.029073585605819355,0.020830500794662574,0.9931519013790221,382880,7.560233300013351,92,2
5,1.0,0.04972590063556537,0.028752095404992132,0.020973805224190584,0.9931414542415378,382880,7.652757799995015,92,2
1,2.0,0.0857824094988938,0.05525595494987723,0.030526454703912694,0.9890984120351024,382880,7.703387899993686,92,2
2,2.0,0.06725929205481397,0.03829608815537304,0.028963203711853184,0.9919504805683242,382880,8.258010799996555,92,2
3,2.0,0.06679840700812187,0.0373503692809304,0.029448037588174155,0.9921541997492687,382880,7.082410599992727,92,2
4,2.0,0.06717022306317323,0.03774427589148943,0.029425947050413376,0.9919139155871292,382880,7.068131499996525,92,2
5,2.0,0.06715717077305065,0.03762080938704358,0.029536361281705163,0.9918956330965315,382880,7.037246399995638,92,2
1,5.0,0.11689473333477825,0.06912366711428312,0.047771066131449325,0.9882939824488091,382880,7.180442600001697,92,2
2,5.0,0.10103948307034863,0.05523482596698636,0.04580465767188546,0.9901379022147931,382880,630.5860223999916,92,2
3,5.0,0.100693119081602,0.05476915598027735,0.04592396294907501,0.9902554325114918,382880,7.0036504000017885,92,2
4,5.0,0.10019717006891579,0.05448901321827693,0.045708156734505706,0.9904356456330965,382880,6.366640600012033,92,2
5,5.0,0.10069572633273224,0.05466962414079513,0.046026102048716586,0.9902110321771834,382880,5.570111999986693,92,2
1,10.0,0.1511152636865368,0.086299776516285,0.06481548710393448,0.9870351023819474,382880,5.452808700007154,92,2
2,10.0,0.13775639208823728,0.07457199267485727,0.06318439900862638,0.988704032595069,382880,5.715003000004799,92,2
3,10.0,0.13823476058516201,0.07489285046056479,0.06334190999569875,0.9884872544922692,382880,5.678474699991057,92,2
4,10.0,0.13778931945998252,0.07445303751019519,0.06333628143855233,0.9887144797325533,382880,5.606942200000049,92,2
5,10.0,0.13835332445703785,0.07489137104364105,0.0634619527748201,0.9884141245298789,382880,6.603642000001855,92,2
1,0.1,0.11407060830987083,0.10521130839992811,0.008859300100707358,0.9776983659855938,356790,5.2537478000012925,92,3
2,0.1,0.05803862419026914,0.04949131648074037,0.008547307860658878,0.9847277109784467,356790,5.337165300006745,92,3
3,0.1,0.05616382623320053,0.0479572453174021,0.00820658091189867,0.9850836626587068,356790,5.362550599995302,92,3
4,0.1,0.055656127011189764,0.04761269522345906,0.008043431554877876,0.9852209983463662,356790,5.241069899988361,92,3
5,0.1,0.05524496978051246,0.04724954915856005,0.007995420475536462,0.9851705485019199,356790,5.283949200005736,92,3
1,0.5,0.13539165480039342,0.11041677549680609,0.02497487951558402,0.9773508226127414,356790,5.400045199989108,92,3
2,0.5,0.07778909049017513,0.056331240953935255,0.021457849270001536,0.9837439390117436,356790,5.399051400003373,92,3
3,0.5,0.07631991260022458,0.05543996143807658,0.020879951000717722,0.9837971916253259,356790,5.40719209999952,92,3
4,0.5,0.07489902636703413,0.05413141246423459,0.020767613788260357,0.9840522436166933,356790,5.443919500001357,92,3
5,0.5,0.07571928453822485,0.05461681219537067,0.02110247260174196,0.9839317245438494,356790,5.174205100003746,92,3
1,1.0,0.15196068423344597,0.11405348123014082,0.03790720285027998,0.9768939712435887,356790,5.323102000009385,92,3
2,1.0,0.09575769261835856,0.06268162059328368,0.03307607195881548,0.982687295047507,356790,5.318216999992728,92,3
3,1.0,0.09413892865229416,0.06120594826552338,0.03293298086666594,0.9829955996524566,356790,5.329490200005239,92,3
4,1.0,0.0935510765576851,0.060450179950595186,0.03310089630615571,0.9829759802685053,356790,5.195055999996839,92,3
5,1.0,0.09367899571557246,0.06044400339900367,0.033234992057858515,0.9829591636536898,356790,5.204830499991658,92,3
1,2.0,0.18059697368484853,0.12316789015847346,0.05742908323124611,0.975929818660837,356790,5.399802700005239,92,3
2,2.0,0.12428162458012025,0.0718069175773914,0.05247470712735416,0.9816138344684548,356790,5.256486099999165,92,3
3,2.0,0.1228370846377824,0.07030933522473784,0.052527749574652345,0.9816530732363575,356790,5.125604500004556,92,3
4,2.0,0.12235453719131054,0.06984679883417953,0.05250773845826378,0.9815858067770957,356790,5.443781399997533,92,3
5,2.0,0.12349512295204881,0.07042907225132262,0.05306605082167622,0.9814092323215337,356790,5.407580999992206,92,3
1,5.0,0.24046123528858748,0.14198625033469225,0.09847498426649308,0.9742930014854676,356790,5.295785499998601,92,3
2,5.0,0.19003829106815046,0.09405834159461093,0.09597994941185334,0.9791025533226828,356790,5.404353099991567,92,3
3,5.0,0.18808812178704146,0.09274836523785325,0.09533975710515742,0.9792314807029345,356790,5.434760899996036,92,3
4,5.0,0.18848131098774717,0.09279025255578786,0.09569105781852212,0.9792707194708372,356790,5.284811400008039,92,3
5,5.0,0.18792703682362805,0.09232669390125951,0.09560034346676897,0.979245494548614,356790,5.484475800010841,92,3
1,10.0,0.3170822568119379,0.1743922859059444,0.14268997156595636,0.9710978446705345,356790,5.353644000002532,92,3
2,10.0,0.26901151610064283,0.12684660112848797,0.14216491434535303,0.9760195072731859,356790,7.400054700003238,92,3
3,10.0,0.27087617117532875,0.1271902743833155,0.1436858979344398,0.9758933826620702,356790,6.621362900012173,92,3
4,10.0,0.2701246929855644,0.12712979197532207,0.14299490090157105,0.9758737632781188,356790,6.126468699992984,92,3
5,10.0,0.2708592275250549,0.12727134066813128,0.14358788615615684,0.9758233134336725,356790,6.22903440000664,92,3
1,0.1,0.06834160588462308,0.060941283399429134,0.007400322553452716,0.9954849442688405,300550,6.844014199989033,92,4
2,0.1,0.029446605363424735,0.02089462109019779,0.008551984231877528,0.9968857095325238,300550,6.792123699997319,92,4
3,0.1,0.0257455192675132,0.017139569232737666,0.008605950116185306,0.9971984694726335,300550,6.758146100008162,92,4
4,0.1,0.025342460917508795,0.016515621939121518,0.008826839062970146,0.9972716686075528,300550,6.55987539999478,92,4
5,0.1,0.02354361507794342,0.014814714005127403,0.008728901168622474,0.997438030277824,300550,6.685265799998888,92,4
1,0.5,0.08590200423306861,0.06473165673845978,0.02117034732934749,0.995984029279654,300550,6.19686609999917,92,4
2,0.5,0.048277806799838355,0.02748409417687959,0.020793712550491922,0.9971219431043088,300550,5.832869000005303,92,4
3,0.5,0.0460838208961231,0.02511895047600199,0.020964870417939607,0.9971618699051739,300550,5.587705099998857,92,4
4,0.5,0.04568634275667403,0.024395851834646636,0.021290491029156602,0.9971718516053901,300550,5.215125799993984,92,4
5,0.5,0.045246977152730794,0.023604418227234938,0.021642558921808372,0.9970653801364165,300550,5.246119999996154,92,4
1,1.0,0.10159112301548673,0.06963284604806677,0.03195827692224051,0.9962734985859258,300550,5.210028900008183,92,4
2,1.0,0.0664704901217978,0.03505037185934474,0.03142011823147818,0.9970553984362003,300550,5.462188500008779,92,4
3,1.0,0.0632773460640653,0.03209696056783284,0.031180385650245425,0.9969455997338214,300550,6.660380299988901,92,4
4,1.0,0.06293481108298854,0.03100314799696207,0.031931663206325275,0.9971119614040925,300550,5.604690300009679,92,4
5,1.0,0.06332794160907647,0.03095903641199549,0.03236890498519618,0.9971319248045251,300550,5.331998699999531,92,4
1,2.0,0.1245680424932473,0.07790718999850117,0.04666085260111923,0.9963666611212777,300550,5.207732900002156,92,4
2,2.0,0.09113765243493545,0.045480098829907896,0.04565755387212547,0.9973348860422558,300550,5.248762600007467,92,4
3,2.0,0.08762792508518055,0.04223887517302113,0.045389049780872534,0.9973382132756613,300550,5.204485399997793,92,4
4,2.0,0.09070924334425118,0.043291111284418544,0.04741813174129583,0.9972683413741474,300550,5.548322200003895,92,4
5,2.0,0.08970345576825663,0.042477184297652355,0.047226271525736836,0.9972217601064715,300550,5.751873599991086,92,4
1,5.0,0.17323907788106038,0.10086005259665311,0.07237902511615876,0.9963500249542505,300550,6.366205300000729,92,4
2,5.0,0.14523697169761932,0.07230892529155525,0.07292804656028153,0.997045416735984,300550,5.309877099993173,92,4
3,5.0,0.14463516502506502,0.07072478059466697,0.07391038399694803,0.997045416735984,300550,5.32785960000183,92,4
4,5.0,0.14283670362696793,0.06905669618495251,0.07378000691218257,0.9970820163034437,300550,5.7545514999947045,92,4
5,5.0,0.14414468606167635,0.06978190064712841,0.0743627853007131,0.9969755448344702,300550,5.244537799997488,92,4
1,10.0,0.22576003752280702,0.13003784836954888,0.09572218835854605,0.9955614706371652,300550,5.30460000000312,92,4
2,10.0,0.20307005774526624,0.10639905228982788,0.09667100574887547,0.9963666611212777,300550,5.270882299999357,92,4
3,10.0,0.20200934352424177,0.10417678471403656,0.09783255857871785,0.9964198968557645,300550,1393.5376055000088,92,4
4,10.0,0.20170277295682182,0.10471124698096991,0.09699152617838473,0.9963500249542505,300550,5.075910700004897,92,4
5,10.0,0.2038588829471672,0.10630960661978041,0.09754927596272853,0.996330061553818,300550,4.672792900004424,92,4
1,0.1,0.0820732439727628,0.0742407080881327,0.007832535283762283,0.9944600386587108,297475,4.503209799993783,92,5
2,0.1,0.027569494534633584,0.020191688316922966,0.007377806269004973,0.9968030926968653,297475,4.443555100006051,92,5
3,0.1,0.02475839603595553,0.017723479662593026,0.007034916384277892,0.9971695100428607,297475,4.277224600009504,92,5
4,0.1,0.024332490054218496,0.017322197760395747,0.007010292364488678,0.9973308681401798,297475,4.500316899997415,92,5
5,0.1,0.023739669707299522,0.016741504221897897,0.006998165404999035,0.9972636355996303,297475,4.628551500005415,92,5
1,0.5,0.09975196151064568,0.07901170103671956,0.02074025946416863,0.9946516513992772,297475,4.485964999999851,92,5
2,0.5,0.04214100554550392,0.026345785511606722,0.015795219876197735,0.9963694428103202,297475,4.464209400000982,92,5
3,0.5,0.04017401337644885,0.025038933251687073,0.015135080196784894,0.9965946718211615,297475,4.393700699991314,92,5
4,0.5,0.038904824971242286,0.02387751555970531,0.01502730956542005,0.9964635683670897,297475,4.415215200002422,92,5
5,0.5,0.03871820535500447,0.023946079730706407,0.014772125617886267,0.9965072695184469,297475,4.5533031999948435,92,5
1,1.0,0.10909113389314729,0.07912886957862988,0.02996226510197533,0.9950584082696025,297475,4.410859000010532,92,5
2,1.0,0.05395894905413106,0.030336578646309235,0.023622370536057716,0.9962248928481385,297475,4.308967000004486,92,5
3,1.0,0.05148939192024577,0.029046354952697764,0.022443037147078255,0.9964299520968148,297475,4.520951500002411,92,5
4,1.0,0.050826362384669026,0.028326858866990177,0.022499503441720373,0.9963929741995126,297475,4.311499699993874,92,5
5,1.0,0.0524073469035715,0.029689800088384722,0.022717546666494507,0.9962719556265233,297475,4.3198139000014635,92,5
1,2.0,0.13089366004991776,0.08577644750347523,0.04511721243265196,0.9952164047398941,297475,4.318096100003459,92,5
2,2.0,0.07249765384902533,0.03642043577216134,0.036077217912361376,0.9961811916967812,297475,4.370092099998146,92,5
3,2.0,0.07082154628333649,0.03552410289173077,0.0352974433706046,0.996305571896798,297475,4.3397598000010476,92,5
4,2.0,0.0711574956271536,0.03549182149585916,0.035665673931545745,0.9961576603075889,297475,4.601666299990029,92,5
5,2.0,0.07060041843006436,0.03523429942787625,0.03536611896914608,0.996208084713001,297475,4.6031406999973115,92,5
1,5.0,0.17383882955935173,0.09790196971435118,0.07593686005174337,0.9953575930750483,297475,4.5437773000012385,92,5
2,5.0,0.11684349656505778,0.050809288762834796,0.06603420776375223,0.9961307672913691,297475,4.475972400003229,92,5
3,5.0,0.11517717860322889,0.049127788185780265,0.06604939013288766,0.9961475754265064,297475,4.492065800004639,92,5
4,5.0,0.11477672419765234,0.04903648696335757,0.0657402370883513,0.9962148079670561,297475,4.6369972999964375,92,5
5,5.0,0.11411967633509197,0.047773472520571535,0.06634620400246617,0.9962316161021935,297475,4.653422300005332,92,5
1,10.0,0.2294585687704012,0.11971122117458406,0.10974734867147082,0.9949945373560803,297475,4.569729800001369,92,5
2,10.0,0.1702800031997284,0.06819798828387312,0.10208201516595285,0.9961778300697538,297475,4.489991899987217,92,5
3,10.0,0.17057578761093314,0.06700014297203694,0.10357564464282845,0.9959996638372972,297475,4.5053475000022445,92,5
4,10.0,0.17159197633171674,0.06726501423209663,0.10432696186125665,0.9960769812589293,297475,4.5272416999941925,92,5
5,10.0,0.17159058514307785,0.06767154285445194,0.10391904268703378,0.9959324312967476,297475,4.52204470000288,92,5
