method_key,method,features,seed,client,local_seen_attack,local_unseen_attack_recall,federated_unseen_attack_recall,knowledge_transfer_gain
fedavg70,FedAvg70,70,42,client_1,DoS Hulk,0.0,0.2238731616246285,0.2238731616246285
fedavg70,FedAvg70,70,42,client_2,DDoS,0.0,0.2588895585551954,0.2588895585551954
fedavg70,FedAvg70,70,42,client_3,PortScan,0.0,0.4066263565434603,0.4066263565434603
fedavg70,FedAvg70,70,42,client_4,DoS GoldenEye,0.0,0.3304899929070967,0.3304899929070967
fedavg70,FedAvg70,70,42,client_5,FTP-Patator,0.0,0.4066263565434603,0.4066263565434603
fedavg70,FedAvg70,70,52,client_1,DoS Hulk,0.0,0.2149026790476916,0.2149026790476916
fedavg70,FedAvg70,70,52,client_2,DDoS,0.0,0.3106231892220302,0.3106231892220302
fedavg70,FedAvg70,70,52,client_3,PortScan,0.0,0.4333180760619296,0.4333180760619296
fedavg70,FedAvg70,70,52,client_4,DoS GoldenEye,0.0,0.3411102838541374,0.3411102838541374
fedavg70,FedAvg70,70,52,client_5,FTP-Patator,0.0,0.4333180760619296,0.4333180760619296
fedavg70,FedAvg70,70,62,client_1,DoS Hulk,0.0,0.2152635531142413,0.2152635531142413
fedavg70,FedAvg70,70,62,client_2,DDoS,0.0,0.2853841095505613,0.2853841095505613
fedavg70,FedAvg70,70,62,client_3,PortScan,0.0,0.425610916872196,0.425610916872196
fedavg70,FedAvg70,70,62,client_4,DoS GoldenEye,0.0,0.3506292897684993,0.3506292897684993
fedavg70,FedAvg70,70,62,client_5,FTP-Patator,0.0,0.4256292897684993,0.4256292897684993
fedavg70,FedAvg70,70,72,client_1,DoS Hulk,0.0,0.237786798414201,0.237786798414201
fedavg70,FedAvg70,70,72,client_2,DDoS,0.0,0.3081181722132947,0.3081181722132947
fedavg70,FedAvg70,70,72,client_3,PortScan,0.0,0.4203452534651107,0.4203452534651107
fedavg70,FedAvg70,70,72,client_4,DoS GoldenEye,0.0,0.4015504367216279,0.4015504367216279
fedavg70,FedAvg70,70,72,client_5,FTP-Patator,0.0,0.4559335536047447,0.4559335536047447
fedavg70,FedAvg70,70,82,client_1,DoS Hulk,0.0,0.2821263161184787,0.2821263161184787
fedavg70,FedAvg70,70,82,client_2,DDoS,0.0,0.3283986805060692,0.3283986805060692
fedavg70,FedAvg70,70,82,client_3,PortScan,0.0,0.4442668206856929,0.4442668206856929
fedavg70,FedAvg70,70,82,client_4,DoS GoldenEye,0.0,0.3808049995642114,0.3808049995642114
fedavg70,FedAvg70,70,82,client_5,FTP-Patator,0.0,0.4785322722914841,0.4785322722914841
fedavg70,FedAvg70,70,92,client_1,DoS Hulk,0.0,0.2017911232732062,0.2017911232732062
fedavg70,FedAvg70,70,92,client_2,DDoS,0.0,0.2422731521654076,0.2422731521654076
fedavg70,FedAvg70,70,92,client_3,PortScan,0.0,0.3864344053087437,0.3864344053087437
fedavg70,FedAvg70,70,92,client_4,DoS GoldenEye,0.0,0.3288045351788736,0.3288045351788736
fedavg70,FedAvg70,70,92,client_5,FTP-Patator,0.0,0.3864344053087437,0.3864344053087437
fedavg70,FedAvg70,70,102,client_1,DoS Hulk,0.0,0.2180917896973826,0.2180917896973826
fedavg70,FedAvg70,70,102,client_2,DDoS,0.0,0.2813200068577372,0.2813200068577372
fedavg70,FedAvg70,70,102,client_3,PortScan,0.0,0.4280506799029766,0.4280506799029766
fedavg70,FedAvg70,70,102,client_4,DoS GoldenEye,0.0,0.3570753940732041,0.3570753940732041
fedavg70,FedAvg70,70,102,client_5,FTP-Patator,0.0,0.4281792901771002,0.4281792901771002
fedavg70,FedAvg70,70,112,client_1,DoS Hulk,0.0,0.1477911600134986,0.1477911600134986
fedavg70,FedAvg70,70,112,client_2,DDoS,0.0,0.246927085176404,0.246927085176404
fedavg70,FedAvg70,70,112,client_3,PortScan,0.0,0.3494260373976948,0.3494260373976948
fedavg70,FedAvg70,70,112,client_4,DoS GoldenEye,0.0,0.304133829605487,0.304133829605487
fedavg70,FedAvg70,70,112,client_5,FTP-Patator,0.0,0.3494260373976948,0.3494260373976948
fedavg70,FedAvg70,70,122,client_1,DoS Hulk,0.0,0.2342255554587909,0.2342255554587909
fedavg70,FedAvg70,70,122,client_2,DDoS,0.0,0.2853531705466886,0.2853531705466886
fedavg70,FedAvg70,70,122,client_3,PortScan,0.0,0.4317540506808042,0.4317540506808042
fedavg70,FedAvg70,70,122,client_4,DoS GoldenEye,0.0,0.3439293753561289,0.3439293753561289
fedavg70,FedAvg70,70,122,client_5,FTP-Patator,0.0,0.4317540506808042,0.4317540506808042
fedavg70,FedAvg70,70,132,client_1,DoS Hulk,0.0,0.201815755626733,0.201815755626733
fedavg70,FedAvg70,70,132,client_2,DDoS,0.0,0.2748264298084973,0.2748264298084973
fedavg70,FedAvg70,70,132,client_3,PortScan,0.0,0.4089106344478185,0.4089106344478185
fedavg70,FedAvg70,70,132,client_4,DoS GoldenEye,0.0,0.3412342021493166,0.3412342021493166
fedavg70,FedAvg70,70,132,client_5,FTP-Patator,0.0,0.4089290073441218,0.4089290073441218
fedprox37,FedProx37,37,42,client_1,DoS Hulk,0.0,0.3232833163174589,0.3232833163174589
fedprox37,FedProx37,37,42,client_2,DDoS,0.0,0.3430646677165983,0.3430646677165983
fedprox37,FedProx37,37,42,client_3,PortScan,0.0,0.5218288127291718,0.5218288127291718
fedprox37,FedProx37,37,42,client_4,DoS GoldenEye,0.0,0.3781599815603405,0.3781599815603405
fedprox37,FedProx37,37,42,client_5,FTP-Patator,0.0,0.5209784725931174,0.5209784725931174
fedprox37,FedProx37,37,52,client_1,DoS Hulk,0.0,0.3197729174539586,0.3197729174539586
fedprox37,FedProx37,37,52,client_2,DDoS,0.0,0.3529046401745813,0.3529046401745813
fedprox37,FedProx37,37,52,client_3,PortScan,0.0,0.5273466980119661,0.5273466980119661
fedprox37,FedProx37,37,52,client_4,DoS GoldenEye,0.0,0.3828661785314466,0.3828661785314466
fedprox37,FedProx37,37,52,client_5,FTP-Patator,0.0,0.5264963578759116,0.5264963578759116
fedprox37,FedProx37,37,62,client_1,DoS Hulk,0.0,0.3691334322534927,0.3691334322534927
fedprox37,FedProx37,37,62,client_2,DDoS,0.0,0.3744084649563161,0.3744084649563161
fedprox37,FedProx37,37,62,client_3,PortScan,0.0,0.5723993492815467,0.5723993492815467
fedprox37,FedProx37,37,62,client_4,DoS GoldenEye,0.0,0.4021071414893388,0.4021071414893388
fedprox37,FedProx37,37,62,client_5,FTP-Patator,0.0,0.5715490091454922,0.5715490091454922
fedprox37,FedProx37,37,72,client_1,DoS Hulk,0.0,0.3137291328746693,0.3137291328746693
fedprox37,FedProx37,37,72,client_2,DDoS,0.0,0.3361195535860692,0.3361195535860692
fedprox37,FedProx37,37,72,client_3,PortScan,0.0,0.5138097254217775,0.5138097254217775
fedprox37,FedProx37,37,72,client_4,DoS GoldenEye,0.0,0.3777707643828165,0.3777707643828165
fedprox37,FedProx37,37,72,client_5,FTP-Patator,0.0,0.5138097254217775,0.5138097254217775
fedprox37,FedProx37,37,82,client_1,DoS Hulk,0.0,0.3110866297230279,0.3110866297230279
fedprox37,FedProx37,37,82,client_2,DDoS,0.0,0.3242298323297253,0.3242298323297253
fedprox37,FedProx37,37,82,client_3,PortScan,0.0,0.5065683912068651,0.5065683912068651
fedprox37,FedProx37,37,82,client_4,DoS GoldenEye,0.0,0.3834424266298092,0.3834424266298092
fedprox37,FedProx37,37,82,client_5,FTP-Patator,0.0,0.5084424266298092,0.5084424266298092
fedprox37,FedProx37,37,92,client_1,DoS Hulk,0.0,0.2954092389070236,0.2954092389070236
fedprox37,FedProx37,37,92,client_2,DDoS,0.0,0.3327364549423058,0.3327364549423058
fedprox37,FedProx37,37,92,client_3,PortScan,0.0,0.4948278212457425,0.4948278212457425
fedprox37,FedProx37,37,92,client_4,DoS GoldenEye,0.0,0.3623602887782101,0.3623602887782101
fedprox37,FedProx37,37,92,client_5,FTP-Patator,0.0,0.4939774811096881,0.4939774811096881
fedprox37,FedProx37,37,102,client_1,DoS Hulk,0.0,0.2833987692844416,0.2833987692844416
fedprox37,FedProx37,37,102,client_2,DDoS,0.0,0.3437657904799309,0.3437657904799309
fedprox37,FedProx37,37,102,client_3,PortScan,0.0,0.4868661676802662,0.4868661676802662
fedprox37,FedProx37,37,102,client_4,DoS GoldenEye,0.0,0.3474181157322142,0.3474181157322142
fedprox37,FedProx37,37,102,client_5,FTP-Patator,0.0,0.4860158275442118,0.4860158275442118
fedprox37,FedProx37,37,112,client_1,DoS Hulk,0.0,0.3209753731180805,0.3209753731180805
fedprox37,FedProx37,37,112,client_2,DDoS,0.0,0.3384886230935277,0.3384886230935277
fedprox37,FedProx37,37,112,client_3,PortScan,0.0,0.519204255951868,0.519204255951868
fedprox37,FedProx37,37,112,client_4,DoS GoldenEye,0.0,0.3789445156921278,0.3789445156921278
fedprox37,FedProx37,37,112,client_5,FTP-Patator,0.0,0.519204255951868,0.519204255951868
fedprox37,FedProx37,37,122,client_1,DoS Hulk,0.0,0.3206986027284494,0.3206986027284494
fedprox37,FedProx37,37,122,client_2,DDoS,0.0,0.3298815374761514,0.3298815374761514
fedprox37,FedProx37,37,122,client_3,PortScan,0.0,0.520184345523092,0.520184345523092
fedprox37,FedProx37,37,122,client_4,DoS GoldenEye,0.0,0.3906388909776374,0.3906388909776374
fedprox37,FedProx37,37,122,client_5,FTP-Patator,0.0,0.5193340053870376,0.5193340053870376
fedprox37,FedProx37,37,132,client_1,DoS Hulk,0.0,0.3178546935043163,0.3178546935043163
fedprox37,FedProx37,37,132,client_2,DDoS,0.0,0.3316012871880777,0.3316012871880777
fedprox37,FedProx37,37,132,client_3,PortScan,0.0,0.5257546819910952,0.5257546819910952
fedprox37,FedProx37,37,132,client_4,DoS GoldenEye,0.0,0.4020533832897965,0.4020533832897965
fedprox37,FedProx37,37,132,client_5,FTP-Patator,0.0,0.5257546819910952,0.5257546819910952
fedprox70,FedProx70,70,42,client_1,DoS Hulk,0.0,0.5927553411874352,0.5927553411874352
fedprox70,FedProx70,70,42,client_2,DDoS,0.0,0.6034841817996451,0.6034841817996451
fedprox70,FedProx70,70,42,client_3,PortScan,0.0,0.7005826902777589,0.7005826902777589
fedprox70,FedProx70,70,42,client_4,DoS GoldenEye,0.0,0.6813282886567444,0.6813282886567444
fedprox70,FedProx70,70,42,client_5,FTP-Patator,0.0,0.6413184968612384,0.6413184968612384
fedprox70,FedProx70,70,52,client_1,DoS Hulk,0.0,0.4430482425015374,0.4430482425015374
fedprox70,FedProx70,70,52,client_2,DDoS,0.0,0.450908028909091,0.450908028909091
fedprox70,FedProx70,70,52,client_3,PortScan,0.0,0.5527175807407103,0.5527175807407103
fedprox70,FedProx70,70,52,client_4,DoS GoldenEye,0.0,0.5193403274362136,0.5193403274362136
fedprox70,FedProx70,70,52,client_5,FTP-Patator,0.0,0.654204273014445,0.654204273014445
fedprox70,FedProx70,70,62,client_1,DoS Hulk,0.0,0.4361648789060467,0.4361648789060467
fedprox70,FedProx70,70,62,client_2,DDoS,0.0,0.4460147195545753,0.4460147195545753
fedprox70,FedProx70,70,62,client_3,PortScan,0.0,0.5393582827512708,0.5393582827512708
fedprox70,FedProx70,70,62,client_4,DoS GoldenEye,0.0,0.5152332263202322,0.5152332263202322
fedprox70,FedProx70,70,62,client_5,FTP-Patator,0.0,0.645590369177375,0.645590369177375
fedprox70,FedProx70,70,72,client_1,DoS Hulk,0.0,0.5753699882633521,0.5753699882633521
fedprox70,FedProx70,70,72,client_2,DDoS,0.0,0.5971803347638557,0.5971803347638557
fedprox70,FedProx70,70,72,client_3,PortScan,0.0,0.6790161535229493,0.6790161535229493
fedprox70,FedProx70,70,72,client_4,DoS GoldenEye,0.0,0.6676483176401579,0.6676483176401579
fedprox70,FedProx70,70,72,client_5,FTP-Patator,0.0,0.6228070477988881,0.6228070477988881
fedprox70,FedProx70,70,82,client_1,DoS Hulk,0.0,0.4364227510089868,0.4364227510089868
fedprox70,FedProx70,70,82,client_2,DDoS,0.0,0.4384797953116618,0.4384797953116618
fedprox70,FedProx70,70,82,client_3,PortScan,0.0,0.5345168204862567,0.5345168204862567
fedprox70,FedProx70,70,82,client_4,DoS GoldenEye,0.0,0.5157486444424138,0.5157486444424138
fedprox70,FedProx70,70,82,client_5,FTP-Patator,0.0,0.6417226704164397,0.6417226704164397
fedprox70,FedProx70,70,92,client_1,DoS Hulk,0.0,0.4001089383110877,0.4001089383110877
fedprox70,FedProx70,70,92,client_2,DDoS,0.0,0.4317717763720206,0.4317717763720206
fedprox70,FedProx70,70,92,client_3,PortScan,0.0,0.5034334343967011,0.5034334343967011
fedprox70,FedProx70,70,92,client_4,DoS GoldenEye,0.0,0.4908713602541905,0.4908713602541905
fedprox70,FedProx70,70,92,client_5,FTP-Patator,0.0,0.6087285031113332,0.6087285031113332
fedprox70,FedProx70,70,102,client_1,DoS Hulk,0.0,0.6229444606303706,0.6229444606303706
fedprox70,FedProx70,70,102,client_2,DDoS,0.0,0.6251364084021345,0.6251364084021345
fedprox70,FedProx70,70,102,client_3,PortScan,0.0,0.7227418203535788,0.7227418203535788
fedprox70,FedProx70,70,102,client_4,DoS GoldenEye,0.0,0.6815770837159237,0.6815770837159237
fedprox70,FedProx70,70,102,client_5,FTP-Patator,0.0,0.6687137565668824,0.6687137565668824
fedprox70,FedProx70,70,112,client_1,DoS Hulk,0.0,0.4762423792689484,0.4762423792689484
fedprox70,FedProx70,70,112,client_2,DDoS,0.0,0.4873342852365253,0.4873342852365253
fedprox70,FedProx70,70,112,client_3,PortScan,0.0,0.5825329315129013,0.5825329315129013
fedprox70,FedProx70,70,112,client_4,DoS GoldenEye,0.0,0.5644818233647843,0.5644818233647843
fedprox70,FedProx70,70,112,client_5,FTP-Patator,0.0,0.643439770179874,0.643439770179874
fedprox70,FedProx70,70,122,client_1,DoS Hulk,0.0,0.4347340781659879,0.4347340781659879
fedprox70,FedProx70,70,122,client_2,DDoS,0.0,0.439050281462771,0.439050281462771
fedprox70,FedProx70,70,122,client_3,PortScan,0.0,0.5313151473535644,0.5313151473535644
fedprox70,FedProx70,70,122,client_4,DoS GoldenEye,0.0,0.506770532711941,0.506770532711941
fedprox70,FedProx70,70,122,client_5,FTP-Patator,0.0,0.6372900132314214,0.6372900132314214
fedprox70,FedProx70,70,132,client_1,DoS Hulk,0.0,0.4196902447282946,0.4196902447282946
fedprox70,FedProx70,70,132,client_2,DDoS,0.0,0.4381108534936356,0.4381108534936356
fedprox70,FedProx70,70,132,client_3,PortScan,0.0,0.5244477921754727,0.5244477921754727
fedprox70,FedProx70,70,132,client_4,DoS GoldenEye,0.0,0.5061213530527522,0.5061213530527522
fedprox70,FedProx70,70,132,client_5,FTP-Patator,0.0,0.6283229609686458,0.6283229609686458
