metric,rank,method,features,mean,std,ci95_lower,ci95_upper
accuracy,1,FedProx70,70,0.952819810725216,0.0022920118499982923,0.9511802042197531,0.954459417230679
accuracy,2,FedProx37,37,0.9313992110443141,0.0034772127453070252,0.9289117628934295,0.9338866591951988
accuracy,3,FedAvg70,70,0.923650025437295,0.005434794388177442,0.9197622077391817,0.9275378431354083
balanced_accuracy,1,FedProx70,70,0.628408750989007,0.05466624980395582,0.5893028716682297,0.6675146303097842
balanced_accuracy,2,FedProx37,37,0.5126746234522279,0.01527303358414527,0.5017489534026877,0.5236002935017682
balanced_accuracy,3,FedAvg70,70,0.4469826709705312,0.023869044217733167,0.4299077853504566,0.46405755659060577
macro_precision,1,FedProx70,70,0.8835437465329786,0.07757991826944864,0.8280464162342888,0.9390410768316685
macro_precision,2,FedProx37,37,0.692776925802032,0.08452588430095981,0.632310750734063,0.753243100870001
macro_precision,3,FedAvg70,70,0.6835648989560543,0.0852510474025905,0.6225799734553787,0.7445498244567299
macro_recall,1,FedProx70,70,0.628408750989007,0.05466624980395582,0.5893028716682297,0.6675146303097842
macro_recall,2,FedProx37,37,0.5126746234522279,0.01527303358414527,0.5017489534026877,0.5236002935017682
macro_recall,3,FedAvg70,70,0.4469826709705312,0.023869044217733167,0.4299077853504566,0.46405755659060577
macro_f1,1,FedProx70,70,0.7037051548870432,0.06108011752009185,0.6600110710015458,0.7473992387725407
macro_f1,2,FedProx37,37,0.5500232321896287,0.011474859370622106,0.541814612293812,0.5582318520854453
macro_f1,3,FedAvg70,70,0.503611966743512,0.031173081209264267,0.4813120878200805,0.5259118456669436
weighted_f1,1,FedProx70,70,0.9469343486602119,0.002817349603868169,0.9449189381645511,0.9489497591558727
weighted_f1,2,FedProx37,37,0.9112437749812392,0.004032576902017598,0.9083590432455231,0.9141285067169553
weighted_f1,3,FedAvg70,70,0.9023872846907022,0.008280521251983482,0.8964637566280589,0.9083108127533455
