method_key,method,features,metric,n,mean,std,median,min,max,ci95_lower,ci95_upper,coefficient_of_variation
fedavg70,FedAvg70,70,accuracy,10,0.923650025437295,0.005434794388177442,0.9236281839902193,0.9146185870714615,0.9337138717161251,0.9197622077391817,0.9275378431354083,0.005884040749746507
fedavg70,FedAvg70,70,balanced_accuracy,10,0.4469826709705312,0.023869044217733167,0.4512687311263684,0.3996162975689101,0.4856844690908868,0.4299077853504566,0.46405755659060577,0.05340037940599897
fedavg70,FedAvg70,70,macro_precision,10,0.6835648989560543,0.0852510474025905,0.635781384364121,0.6214755239972855,0.8104856351645879,0.6225799734553787,0.7445498244567299,0.12471536723548352
fedavg70,FedAvg70,70,macro_recall,10,0.4469826709705312,0.023869044217733167,0.4512687311263684,0.3996162975689101,0.4856844690908868,0.4299077853504566,0.46405755659060577,0.05340037940599897
fedavg70,FedAvg70,70,macro_f1,10,0.503611966743512,0.031173081209264267,0.5055401846998433,0.4437052652315108,0.560019053647174,0.4813120878200805,0.5259118456669436,0.06189900810109347
fedavg70,FedAvg70,70,weighted_f1,10,0.9023872846907022,0.008280521251983482,0.9011664269283922,0.8893716650790642,0.9180868962627403,0.8964637566280589,0.9083108127533455,0.00917623884164289
fedavg70,FedAvg70,70,training_time_seconds,10,293.04404928002043,66.99979734091879,266.6317297000787,251.8698640000075,468.9046579999849,245.1152815535592,340.97281700648165,0.22863387775841382
fedavg70,FedAvg70,70,inference_time_seconds,10,3.1887336999643594,0.15633609316223207,3.115565549931489,3.051935700001195,3.5679677000734955,3.0768975960682834,3.3005698038604354,0.04902764165097244
fedprox37,FedProx37,37,accuracy,10,0.9313992110443141,0.0034772127453070252,0.931282013035615,0.9248867307881833,0.9364174166895292,0.9289117628934295,0.9338866591951988,0.0037333215489932237
fedprox37,FedProx37,37,balanced_accuracy,10,0.5126746234522279,0.01527303358414527,0.5131072592043713,0.4912329744765364,0.54823865475265,0.5017489534026877,0.5236002935017682,0.029790890528773057
fedprox37,FedProx37,37,macro_precision,10,0.692776925802032,0.08452588430095981,0.7102093656826712,0.580824341637954,0.788514076198406,0.632310750734063,0.753243100870001,0.1220102476754746
fedprox37,FedProx37,37,macro_recall,10,0.5126746234522279,0.01527303358414527,0.5131072592043713,0.4912329744765364,0.54823865475265,0.5017489534026877,0.5236002935017682,0.029790890528773057
fedprox37,FedProx37,37,macro_f1,10,0.5500232321896287,0.011474859370622106,0.5511631310925377,0.5376970192605997,0.575695061683455,0.541814612293812,0.5582318520854453,0.020862499434689295
fedprox37,FedProx37,37,weighted_f1,10,0.9112437749812392,0.004032576902017598,0.91137313121752,0.9033323101938043,0.9168612498586729,0.9083590432455231,0.9141285067169553,0.004425354677567615
fedprox37,FedProx37,37,training_time_seconds,10,260.83293627001115,10.669486727175093,256.47211904998403,252.9592276000185,285.9639856000431,253.2004452565641,268.4654272834582,0.04090544269351846
fedprox37,FedProx37,37,inference_time_seconds,10,3.051215160044376,0.06540697907654432,3.0369639000855386,2.9920343999983743,3.222857200074941,3.0044258258632914,3.0980044942254605,0.021436370641129437
fedprox70,FedProx70,70,accuracy,10,0.952819810725216,0.0022920118499982923,0.9529170318006143,0.9481318903772444,0.9556751803917077,0.9511802042197531,0.954459417230679,0.0024055039832282478
fedprox70,FedProx70,70,balanced_accuracy,10,0.628408750989007,0.05466624980395582,0.6002033264508738,0.5724798349116801,0.7201436907774669,0.5893028716682297,0.6675146303097842,0.0869915476478018
fedprox70,FedProx70,70,macro_precision,10,0.8835437465329786,0.07757991826944864,0.9291746588125753,0.7929697052800179,0.9611264896090782,0.8280464162342888,0.9390410768316685,0.08780540700318673
fedprox70,FedProx70,70,macro_recall,10,0.628408750989007,0.05466624980395582,0.6002033264508738,0.5724798349116801,0.7201436907774669,0.5893028716682297,0.6675146303097842,0.0869915476478018
fedprox70,FedProx70,70,macro_f1,10,0.7037051548870432,0.06108011752009185,0.6673656758270476,0.6478267592593366,0.7967102168881232,0.6600110710015458,0.7473992387725407,0.08679788274379809
fedprox70,FedProx70,70,weighted_f1,10,0.9469343486602119,0.002817349603868169,0.9471524570432197,0.941289592696243,0.9508444772545493,0.9449189381645511,0.9489497591558727,0.0029752322406028987
fedprox70,FedProx70,70,training_time_seconds,10,290.2758266499965,41.30945011415063,272.78695014992263,269.00189139996655,396.57919730013236,260.72482622898815,319.8268270710048,0.14231102393503814
fedprox70,FedProx70,70,inference_time_seconds,10,3.1590604700380935,0.09079783956954832,3.142127849976532,3.091779800131917,3.398217000067234,3.0941076084548005,3.2240133316213866,0.028742039106473143
