round,weighted_local_loss,weighted_local_accuracy,global_update_norm,round_training_seconds,client_1_loss,client_2_loss,client_3_loss,client_4_loss,client_5_loss,client_1_training_seconds,client_2_training_seconds,client_3_training_seconds,client_4_training_seconds,client_5_training_seconds,feature_count
1,0.14547016241582592,0.9676326933428009,2.705609989727416,26.810756499879062,0.1374284230332236,0.11416243564258098,0.1566635668390087,0.15213082582135304,0.17681027553262396,6.135317799868062,5.533427500165999,5.095166699960828,4.514952699886635,4.493527099955827,37
2,0.13691342340530632,0.9736294295566148,2.1578538931966116,26.078963600099087,0.14309936833450415,0.13227982636505323,0.1833937718738226,0.10513665792348356,0.11061984510720528,6.465595400193706,5.839317600009963,5.000802699942142,4.408219800097868,4.3378634001128376,37
3,0.0811900524368841,0.9799589372545953,1.6336894308506162,25.92178660002537,0.07950753287863331,0.056884112427181596,0.12023328356767467,0.06750411315322061,0.08181642478624807,6.344788900110871,5.650325499940664,5.180659099947661,4.444162200205028,4.270779200131074,37
4,0.077227171927875,0.9810411580675965,1.4602124290204745,25.620562399970368,0.07384919800310222,0.0572278361373674,0.11565931052395109,0.06678948022427034,0.0721226889340855,5.958213399862871,5.710671600187197,5.3204890000633895,4.480041299946606,4.120702699990943,37
5,0.06984418009235822,0.9824356018683149,1.3809556195739001,26.304375499952585,0.06040139608877051,0.045310345918214125,0.11306978348418,0.061498859594745714,0.0711585301578894,5.987326300004497,5.621469599893317,5.367399799870327,4.839095100061968,4.4567464999854565,37
6,0.0652403829718678,0.9833123377168224,1.3158175734474038,25.968025900190696,0.058365823474066755,0.04553592789480739,0.10239978657323365,0.056105266530801126,0.06483610921365687,6.123661700170487,5.497158499900252,5.247753599891439,4.515901200007647,4.550982099957764,37
7,0.06440740604180434,0.983412226241229,1.2755522543856437,26.233085100073367,0.055103823264271413,0.04372000965522116,0.10467830224321788,0.053582719582491056,0.06662601393286907,6.395498399855569,5.643124300055206,4.943810699973255,4.375377800082788,4.834783599944785,37
8,0.05956294228692027,0.9844328015648821,1.272657215964435,28.577062000054866,0.05136813825704373,0.04147207490147107,0.09667285986069477,0.04844882133183652,0.060979182287770134,6.546960899839178,5.987255600048229,5.769332000054419,5.110959900077432,5.121761100133881,37
9,0.055508385932837544,0.9853871650666428,1.263209431765175,28.950433799996972,0.046853613734341125,0.0394915593527273,0.09105293062162151,0.04631676526264539,0.05483079848956454,7.151725400006399,6.113068100064993,5.677009799983352,5.002340300008655,4.961617900058627,37
10,0.054866677484318456,0.9854254081017013,1.2315918674411503,28.914396000094712,0.046998496033941815,0.03851444610537369,0.09126273948731499,0.04525052705206717,0.05293301082999284,6.980693999910727,5.972393800038844,5.717319800052792,5.217889399966225,4.984173400094733,37
