seed,scenario,experiment_id,attack_type,magnitude,malicious_clients,malicious_ratio,aggregator,aggregator_display,trim_count,accuracy,balanced_accuracy,macro_precision,macro_recall,macro_f1,weighted_f1,worst_class_recall,worst_attack_recall,benign_false_positive_rate,target_attack_mean_recall,target_attack_worst_recall,macro_f1_drop_vs_own_clean,balanced_accuracy_drop_vs_own_clean,weighted_f1_drop_vs_own_clean,clean_macro_f1_cost_vs_fedavg,macro_f1_recovery_vs_fedavg,balanced_accuracy_recovery_vs_fedavg,weighted_f1_recovery_vs_fedavg,worst_attack_recall_recovery_vs_fedavg,macro_f1_damage_recovery_fraction,macro_f1_damage_recovery_pct,attack_audit_pass,max_aggregation_audit_error,validation_poisoned,locked_test_used,source_seed
42,non_iid,E0_CLEAN,NONE,1.0,,0.0,fedavg,FedAvg,,0.9551621821746102,0.7073202153704342,0.933317456394206,0.7073202153704342,0.7866886925871232,0.9501119963036708,0.4251378169790518,0.4251378169790518,0.0005345908947715,,,0.0,0.0,0.0,0.0,0.0,0.0,0.0,0.0,,,True,0.0,False,False,42
42,non_iid,E0_CLEAN,NONE,1.0,,0.0,coordinate_median,Coordinate Median,,0.934085690998876,0.6160340997843671,0.9216057281828032,0.6160340997843671,0.6909011098916934,0.9202303264555086,0.1319367879456082,0.1319367879456082,0.0004645849442657,,,0.0,0.0,0.0,-0.0957875826954297,-0.0957875826954297,-0.0912861155860671,-0.0298816698481623,-0.2932010290334436,,,True,0.0,False,False,42
42,non_iid,E0_CLEAN,NONE,1.0,,0.0,trimmed_mean,Trimmed Mean,1.0,0.9440472829358464,0.6646262229777515,0.8986687860658988,0.6646262229777515,0.7275744006605759,0.9341680532992864,0.2199926497611172,0.2199926497611172,0.0007382445689701,,,0.0,0.0,0.0,-0.0591142919265472,-0.0591142919265472,-0.0426939923926826,-0.0159439430043845,-0.2051451672179346,,,True,0.0,False,False,42
42,non_iid,E_SCALE_C1,SCALE,5.0,1,0.2,fedavg,FedAvg,,0.9007037039010021,0.4009168845110546,0.7573516510892552,0.4009168845110546,0.4047051683092624,0.86989256794192,0.0,0.0,0.0153790344906589,0.9988389643562058,0.9988389643562058,0.3819835242778607,0.3064033308593796,0.0802194283617508,,0.0,0.0,0.0,0.0,,,True,0.0,False,False,42
42,non_iid,E_SCALE_C1,SCALE,5.0,1,0.2,coordinate_median,Coordinate Median,,0.9251708652734644,0.57560710874698,0.8870954519016365,0.57560710874698,0.6305479336671828,0.906488308229946,0.0490995957368614,0.0490995957368614,0.0004709491215844,0.8370679979875382,0.8370679979875382,0.0603531762245106,0.0404269910373871,0.0137420182255627,,0.2258427653579203,0.1746902242359253,0.0365957402880258,0.0490995957368614,0.5912369277834056,59.12369277834056,True,0.0,False,False,42
42,non_iid,E_SCALE_C1,SCALE,5.0,1,0.2,trimmed_mean,Trimmed Mean,1.0,0.9399987215069172,0.6591233094301209,0.899388681000436,0.6591233094301209,0.7241613049878911,0.9292629344129644,0.2239617787578096,0.2239617787578096,0.0006045968452773,0.875382174232749,0.875382174232749,0.0034130956726847,0.0055029135476306,0.0049051188863219,,0.3194561366786286,0.2582064249190662,0.0593703664710444,0.2239617787578096,0.8363086792357342,83.63086792357342,True,0.0,False,False,42
42,non_iid,E_SCALE_C1_C2,SCALE,5.0,1+2,0.4,fedavg,FedAvg,,0.8698360865326735,0.4885410727025757,0.8031748838270761,0.4885410727025757,0.4798802199799446,0.8805259388236357,0.0261066969353007,0.0261066969353007,0.0922551144119977,0.7319009336528659,0.4903895835486204,0.3068084726071785,0.2187791426678585,0.0695860574800352,,0.0,0.0,0.0,0.0,,,True,0.0,False,False,42
42,non_iid,E_SCALE_C1_C2,SCALE,5.0,1+2,0.4,coordinate_median,Coordinate Median,,0.9441058805354756,0.6601427582062444,0.9204095669078712,0.6601427582062444,0.7318898383413887,0.9343332913284856,0.2248438074237412,0.2248438074237412,0.0006173251999147,0.7967993477532033,0.7919809858427198,-0.0409887284496952,-0.0441086584218772,-0.014102964872977,,0.252009618361444,0.1716016855036686,0.0538073525048499,0.1987371104884404,0.821390674840013,82.1390674840013,True,0.0,False,False,42
42,non_iid,E_SCALE_C1_C2,SCALE,5.0,1+2,0.4,trimmed_mean,Trimmed Mean,1.0,0.9569520724905578,0.6664249615166672,0.8910989050357666,0.6664249615166672,0.7099102267847618,0.9513646526281222,0.163563829787234,0.163563829787234,0.0021065426924924,0.8693960028707427,0.8581988467045938,0.017664173875814,-0.0017987385389156,-0.0171965993288357,,0.2300300068048171,0.1778838888140915,0.0708387138044864,0.1374571328519332,0.7497511553383193,74.97511553383193,True,0.0,False,False,42
42,non_iid,E_RANDOM_C1,RANDOM,5.0,1,0.2,fedavg,FedAvg,,0.8973449960313444,0.4497795655145077,0.5582851140218806,0.4497795655145077,0.4759281908938083,0.8604236693375746,0.0,0.0,0.0001241014577148,0.0,0.0,0.3107605016933149,0.2575406498559264,0.0896883269660963,,0.0,0.0,0.0,0.0,,,True,0.0,False,False,42
42,non_iid,E_RANDOM_C1,RANDOM,5.0,1,0.2,coordinate_median,Coordinate Median,,0.8983997528246707,0.5709399692033714,0.7133455438930881,0.5709399692033714,0.6068089434974435,0.8627981871189255,0.0,0.0,0.0008114326081353,0.0,0.0,0.0840921663942498,0.0450941305809956,0.057432139336583,,0.1308807526036352,0.1211604036888636,0.0023745177813508,0.0,0.4211627664728112,42.116276647281126,True,0.0,False,False,42
42,non_iid,E_RANDOM_C1,RANDOM,5.0,1,0.2,trimmed_mean,Trimmed Mean,1.0,0.8997421705616313,0.6017306107387775,0.7113231670683283,0.6017306107387775,0.6290105288273798,0.8652487601504004,0.0,0.0,0.0006077789339366,0.0,0.0,0.098563871833196,0.062895612238974,0.068919293148886,,0.1530823379335715,0.1519510452242697,0.0048250908128257,0.0,0.4926055180740001,49.26055180740001,True,0.0,False,False,42
42,non_iid,E_RANDOM_C1_C2,RANDOM,5.0,1+2,0.4,fedavg,FedAvg,,0.8447030433462426,0.2564298707061703,0.3224996954905469,0.2564298707061703,0.2265551745880478,0.7833971758298077,0.0,0.0,0.0,0.0,0.0,0.5601335179990753,0.4508903446642639,0.1667148204738632,,0.0,0.0,0.0,0.0,,,True,0.0,False,False,42
42,non_iid,E_RANDOM_C1_C2,RANDOM,5.0,1+2,0.4,coordinate_median,Coordinate Median,,0.8583616111143665,0.497924388855597,0.4649867755719064,0.497924388855597,0.427192427599366,0.8059591618517215,0.0,0.0,0.0004964058308592,0.0,0.0,0.2637086822923274,0.11810971092877,0.1142711646037871,,0.2006372530113181,0.2414945181494267,0.0225619860219137,0.0,0.3581954062096483,35.81954062096483,True,0.0,False,False,42
42,non_iid,E_RANDOM_C1_C2,RANDOM,5.0,1+2,0.4,trimmed_mean,Trimmed Mean,1.0,0.8580393243164057,0.4844234670308724,0.4964626256072049,0.4844234670308724,0.4342955272318702,0.8054861397130915,0.0,0.0,0.0006586923524863,0.0,0.0,0.2932788734287056,0.180202755946879,0.1286819135861949,,0.2077403526438224,0.2279935963247021,0.0220889638832837,0.0,0.3708764892090699,37.08764892090699,True,0.0,False,False,42
52,non_iid,E0_CLEAN,NONE,1.0,,0.0,fedavg,FedAvg,,0.9543471428343128,0.6007641309177209,0.9576524443072412,0.6007641309177209,0.6677852790109736,0.948182746344011,0.0045402951191827,0.0045402951191827,4.4549241230959175e-05,,,0.0,0.0,0.0,0.0,0.0,0.0,0.0,0.0,,,True,0.0,False,False,52
52,non_iid,E0_CLEAN,NONE,1.0,,0.0,coordinate_median,Coordinate Median,,0.9456347451803474,0.6871666807219539,0.8480839070459929,0.6871666807219539,0.7414352627352562,0.9394024133652508,0.3835354649026093,0.3835354649026093,0.0005027700081779,,,0.0,0.0,0.0,0.0736499837242825,0.0736499837242825,0.086402549804233,-0.0087803329787602,0.3789951697834265,,,True,0.0,False,False,52
52,non_iid,E0_CLEAN,NONE,1.0,,0.0,trimmed_mean,Trimmed Mean,1.0,0.949057377704146,0.7006766873852913,0.8938830682965313,0.7006766873852913,0.7704858554731824,0.9433228462564832,0.4030871003307607,0.4030871003307607,0.000467767032925,,,0.0,0.0,0.0,0.1027005764622087,0.1027005764622087,0.0999125564675704,-0.0048599000875279,0.398546805211578,,,True,0.0,False,False,52
52,non_iid,E_SCALE_C1,SCALE,5.0,1,0.2,fedavg,FedAvg,,0.8812333196605601,0.3347611946689013,0.5037286533475647,0.3347611946689013,0.27929716985358,0.8489678390099804,0.0,0.0,0.0294438663650046,0.9974457215836526,0.9974457215836526,0.3884881091573936,0.2660029362488195,0.0992149073340306,,0.0,0.0,0.0,0.0,,,True,0.0,False,False,52
52,non_iid,E_SCALE_C1,SCALE,5.0,1,0.2,coordinate_median,Coordinate Median,,0.9456773616164414,0.7035784673309221,0.8719455021645729,0.7035784673309221,0.7599840057733224,0.9393689317181296,0.4136714443219405,0.4136714443219405,0.0008687102040037,0.8554897635357406,0.8554897635357406,-0.0185487430380661,-0.0164117866089682,3.3481647121025304e-05,,0.4806868359197424,0.3688172726620207,0.0904010927081493,0.4136714443219405,1.2373270238883811,123.7327023888381,True,0.0,False,False,52
52,non_iid,E_SCALE_C1,SCALE,5.0,1,0.2,trimmed_mean,Trimmed Mean,1.0,0.9427554722167472,0.6770385875551194,0.9073808902025814,0.6770385875551194,0.755461270780296,0.934940606539948,0.4078647556045571,0.4078647556045571,0.0004773132989031,0.8732536088857928,0.8732536088857928,0.0150245846928863,0.0236380998301719,0.0083822397165349,,0.476164100926716,0.342277392886218,0.0859727675299677,0.4078647556045571,1.2256851360508465,122.56851360508465,True,0.0,False,False,52
52,non_iid,E_SCALE_C1_C2,SCALE,5.0,1+2,0.4,fedavg,FedAvg,,0.8377246019358516,0.5909133842868174,0.5450843138210019,0.5909133842868174,0.5373064478997204,0.8591380585176699,0.0,0.0,0.125495212547612,0.7405087815683387,0.5499438832772167,0.1304788311112532,0.0098507466309034,0.0890446878263411,,0.0,0.0,0.0,0.0,,,True,0.0,False,False,52
52,non_iid,E_SCALE_C1_C2,SCALE,5.0,1+2,0.4,coordinate_median,Coordinate Median,,0.9513746464167568,0.7348879572534006,0.9130085499472076,0.7348879572534006,0.7963437607226358,0.9459500158024352,0.4030871003307607,0.4030871003307607,5.0913418549667634e-05,0.7890104116994159,0.7766353208639041,-0.0549084979873796,-0.0477212765314467,-0.0065476024371843,,0.2590373128229154,0.1439745729665832,0.0868119572847652,0.4030871003307607,1.9852822915162869,198.5282291516287,True,0.0,False,False,52
52,non_iid,E_SCALE_C1_C2,SCALE,5.0,1+2,0.4,trimmed_mean,Trimmed Mean,1.0,0.9621725859120716,0.7083497436613074,0.9049862282302044,0.7083497436613074,0.7608889615094218,0.9573466818142812,0.3184840425531915,0.3184840425531915,0.0029529782758807,0.9135763126060656,0.8826966987886529,0.0095968939637606,-0.0076730562760161,-0.0140238355577979,,0.2235825136097013,0.11743635937449,0.0982086232966111,0.3184840425531915,1.713553928292498,171.35539282924978,True,0.0,False,False,52
52,non_iid,E_RANDOM_C1,RANDOM,5.0,1,0.2,fedavg,FedAvg,,0.8951981930631097,0.4338405646694926,0.6076429019315076,0.4338405646694926,0.4795602268313288,0.8578004666677299,0.0,0.0,1.909253195612536e-05,0.0,0.0,0.1882250521796448,0.1669235662482281,0.0903822796762811,,0.0,0.0,0.0,0.0,,,True,0.0,False,False,52
52,non_iid,E_RANDOM_C1,RANDOM,5.0,1,0.2,coordinate_median,Coordinate Median,,0.8964793496731852,0.5859602557906669,0.7561978261048421,0.5859602557906669,0.6424685014430932,0.8601241647820215,0.0,0.0,3.5002975252896494e-05,0.0,0.0,0.0989667612921629,0.1012064249312869,0.0792782485832293,,0.1629082746117643,0.1521196911211742,0.0023236981142915,0.0,0.8654973008390099,86.54973008390098,True,0.0,False,False,52
52,non_iid,E_RANDOM_C1,RANDOM,5.0,1,0.2,trimmed_mean,Trimmed Mean,1.0,0.9007170215372814,0.6241897240123483,0.7621136478839065,0.6241897240123483,0.6667545571587269,0.8651121926867534,0.0,0.0,5.4095507209021856e-05,0.0,0.0,0.1037312983144554,0.076486963372943,0.0782106535697296,,0.187194330327398,0.1903491593428556,0.0073117260190235,0.0,0.9945239922087364,99.45239922087364,True,0.0,False,False,52
52,non_iid,E_RANDOM_C1_C2,RANDOM,5.0,1+2,0.4,fedavg,FedAvg,,0.8530318930753619,0.4017071994912098,0.4952656387146311,0.4017071994912098,0.4059034882591808,0.7961460215465392,0.0,0.0,2.8638797934188043e-05,0.0,0.0,0.2618817907517928,0.199056931426511,0.1520367247974717,,0.0,0.0,0.0,0.0,,,True,0.0,False,False,52
52,non_iid,E_RANDOM_C1_C2,RANDOM,5.0,1+2,0.4,coordinate_median,Coordinate Median,,0.8585933379856276,0.493084928224165,0.5003800473512551,0.493084928224165,0.4349276636786549,0.8064973640380327,0.0,0.0,0.0001241014577148,0.0,0.0,0.3065075990566012,0.1940817524977888,0.132905049327218,,0.0290241754194741,0.0913777287329551,0.0103513424914934,0.0,0.1108292994948348,11.082929949483482,True,0.0,False,False,52
52,non_iid,E_RANDOM_C1_C2,RANDOM,5.0,1+2,0.4,trimmed_mean,Trimmed Mean,1.0,0.8586519355852569,0.48971116136918,0.5022683866936788,0.48971116136918,0.4411213814933974,0.805149269570772,0.0,0.0,0.0003659401958257,0.0,0.0,0.3293644739797849,0.2109655260161113,0.138173576685711,,0.0352178932342166,0.0880039618779702,0.0090032480242328,0.0,0.1344801146086387,13.448011460863874,True,0.0,False,False,52
62,non_iid,E0_CLEAN,NONE,1.0,,0.0,fedavg,FedAvg,,0.953087294442284,0.5939388079371405,0.7968767242899889,0.5939388079371405,0.6637078049442184,0.9470199727365652,0.0,0.0,3.818506391225072e-05,,,0.0,0.0,0.0,0.0,0.0,0.0,0.0,0.0,,,True,0.0,False,False,62
62,non_iid,E0_CLEAN,NONE,1.0,,0.0,coordinate_median,Coordinate Median,,0.9373218766147634,0.6475159939691607,0.9060753387531488,0.6475159939691607,0.7093135109446664,0.9236727402781668,0.1173098125689084,0.1173098125689084,0.0005314088061121,,,0.0,0.0,0.0,0.045605706000448,0.045605706000448,0.0535771860320202,-0.0233472324583984,0.1173098125689084,,,True,0.0,False,False,62
62,non_iid,E0_CLEAN,NONE,1.0,,0.0,trimmed_mean,Trimmed Mean,1.0,0.9439993394452404,0.6975232365178087,0.9125341237354014,0.6975232365178087,0.7760682243167799,0.9376775128817372,0.4119073869900772,0.4119073869900772,0.0005568655153869,,,0.0,0.0,0.0,0.1123604193725614,0.1123604193725614,0.1035844285806681,-0.0093424598548279,0.4119073869900772,,,True,0.0,False,False,62
62,non_iid,E_SCALE_C1,SCALE,5.0,1,0.2,fedavg,FedAvg,,0.9167194932905748,0.4775303565667722,0.6028174055731199,0.4775303565667722,0.5009422667650835,0.8956310298982258,0.0,0.0,0.0185006634654854,0.9969813073261348,0.9969813073261348,0.1627655381791349,0.1164084513703683,0.0513889428383393,,0.0,0.0,0.0,0.0,,,True,0.0,False,False,62
62,non_iid,E_SCALE_C1,SCALE,5.0,1,0.2,coordinate_median,Coordinate Median,,0.9410694594637788,0.6895884001012921,0.9136332693308216,0.6895884001012921,0.7461819400108567,0.9296326972549211,0.1717750826901874,0.1717750826901874,5.7277595868376085e-05,0.800185765703007,0.800185765703007,-0.0368684290661902,-0.0420724061321313,-0.0059599569767543,,0.2452396732457732,0.2120580435345199,0.0340016673566953,0.1717750826901874,1.5067051415752986,150.67051415752985,True,0.0,False,False,62
62,non_iid,E_SCALE_C1,SCALE,5.0,1,0.2,trimmed_mean,Trimmed Mean,1.0,0.949672652500253,0.6986383274215756,0.9327669007594732,0.6986383274215756,0.7757559780262029,0.9423532098350832,0.3145167217934583,0.3145167217934583,0.0004964058308592,0.850806919772437,0.850806919772437,0.000312246290577,-0.0011150909037669,-0.004675696953346,,0.2748137112611194,0.2211079708548034,0.0467221799368574,0.3145167217934583,1.6884023137543251,168.84023137543252,True,0.0,False,False,62
62,non_iid,E_SCALE_C1_C2,SCALE,5.0,1+2,0.4,fedavg,FedAvg,,0.8335668358894317,0.3982291796181428,0.3807500366776262,0.3982291796181428,0.3489862305933364,0.8453136112665928,0.0,0.0,0.1047989079071721,0.6969216124331523,0.5072564727737141,0.314721574350882,0.1957096283189976,0.1017063614699724,,0.0,0.0,0.0,0.0,,,True,0.0,False,False,62
62,non_iid,E_SCALE_C1_C2,SCALE,5.0,1+2,0.4,coordinate_median,Coordinate Median,,0.95143058048913,0.7145177512414835,0.9018134897810682,0.7145177512414835,0.7814535421153184,0.9458763024188126,0.3966188901139287,0.3966188901139287,0.0004995879195186,0.802501853043842,0.7924068268895855,-0.0721400311706519,-0.0670017572723228,-0.0222035621406457,,0.4324673115219819,0.3162885716233407,0.1005626911522198,0.3966188901139287,1.3741266782042263,137.41266782042263,True,0.0,False,False,62
62,non_iid,E_SCALE_C1_C2,SCALE,5.0,1+2,0.4,trimmed_mean,Trimmed Mean,1.0,0.9596155997464322,0.7152885548939212,0.8865318395232724,0.7152885548939212,0.7598876917036265,0.955090463722392,0.4042553191489361,0.4042553191489361,0.0023611097852408,0.8873522983472633,0.8264251712527575,0.0161805326131534,-0.0177653183761125,-0.0174129508406547,,0.41090146111029,0.3170593752757784,0.1097768524557992,0.4042553191489361,1.30560309364803,130.560309364803,True,0.0,False,False,62
62,non_iid,E_RANDOM_C1,RANDOM,5.0,1,0.2,fedavg,FedAvg,,0.8961810346205272,0.427754249230485,0.6190371354853825,0.427754249230485,0.4758486961052355,0.8583261377233049,0.0,0.0,4.136715257160495e-05,0.0,0.0,0.1878591088389828,0.1661845587066554,0.0886938350132603,,0.0,0.0,0.0,0.0,,,True,0.0,False,False,62
62,non_iid,E_RANDOM_C1,RANDOM,5.0,1,0.2,coordinate_median,Coordinate Median,,0.8869945291150164,0.5686520761593937,0.7416859394948098,0.5686520761593937,0.6273630134654126,0.8490534127712968,0.0,0.0,0.0005027700081779,0.0,0.0,0.0819504974792538,0.0788639178097669,0.07461932750687,,0.151514317360177,0.1408978269289086,-0.0092727249520081,0.0,0.8065316518138198,80.65316518138198,True,0.0,False,False,62
62,non_iid,E_RANDOM_C1,RANDOM,5.0,1,0.2,trimmed_mean,Trimmed Mean,1.0,0.8967829917803549,0.6089233176102894,0.7755499471359588,0.6089233176102894,0.6658855571888025,0.8603304026891665,0.0,0.0,8.27343051432099e-05,0.0,0.0,0.1101826671279774,0.0885999189075192,0.0773471101925707,,0.1900368610835669,0.1811690683798043,0.0020042649658615,0.0,1.0115924761809163,101.15924761809164,True,0.0,False,False,62
62,non_iid,E_RANDOM_C1_C2,RANDOM,5.0,1+2,0.4,fedavg,FedAvg,,0.8562574245822258,0.328140569499561,0.3276794190334797,0.328140569499561,0.2943527380322844,0.8014315143849307,0.0,0.0,0.0003850327277818,0.0,0.0,0.369355066911934,0.2657982384375795,0.1455884583516346,,0.0,0.0,0.0,0.0,,,True,0.0,False,False,62
62,non_iid,E_RANDOM_C1_C2,RANDOM,5.0,1+2,0.4,coordinate_median,Coordinate Median,,0.8587052061303744,0.5059952206379688,0.4931688735636848,0.5059952206379688,0.4372782220763464,0.8059379902547718,0.0,0.0,0.0001177372803961,0.0,0.0,0.27203528886832,0.1415207733311919,0.117734750023395,,0.142925484044062,0.1778546511384077,0.004506475869841,0.0,0.3869595867169733,38.69595867169733,True,0.0,False,False,62
62,non_iid,E_RANDOM_C1_C2,RANDOM,5.0,1+2,0.4,trimmed_mean,Trimmed Mean,1.0,0.8584521710410663,0.4894653092246934,0.5031148784765441,0.4894653092246934,0.437438549968957,0.8053164005399512,0.0,0.0,8.27343051432099e-05,0.0,0.0,0.3386296743478229,0.2080579272931152,0.132361112341786,,0.1430858119366725,0.1613247397251324,0.0038848861550205,0.0,0.3873936619658957,38.73936619658957,True,0.0,False,False,62
72,non_iid,E0_CLEAN,NONE,1.0,,0.0,fedavg,FedAvg,,0.952448047900874,0.6924235458602913,0.9633365711735988,0.6924235458602913,0.7863701250431502,0.9471631394981634,0.4343256155825064,0.4343256155825064,2.8638797934188043e-05,,,0.0,0.0,0.0,0.0,0.0,0.0,0.0,0.0,,,True,0.0,False,False,72
72,non_iid,E0_CLEAN,NONE,1.0,,0.0,coordinate_median,Coordinate Median,,0.9419697316762642,0.6520867294945244,0.919352435417058,0.6520867294945244,0.740848772539663,0.934101756709327,0.3994119808893789,0.3994119808893789,0.0004645849442657,,,0.0,0.0,0.0,-0.0455213525034872,-0.0455213525034872,-0.0403368163657669,-0.0130613827888363,-0.0349136346931275,,,True,0.0,False,False,72
72,non_iid,E0_CLEAN,NONE,1.0,,0.0,trimmed_mean,Trimmed Mean,1.0,0.9414343626978336,0.6560741125171927,0.9049640646417496,0.6560741125171927,0.7413083704008735,0.933708218455795,0.4058066887173833,0.4058066887173833,0.000467767032925,,,0.0,0.0,0.0,-0.0450617546422766,-0.0450617546422766,-0.0363494333430985,-0.0134549210423684,-0.0285189268651231,,,True,0.0,False,False,72
72,non_iid,E_SCALE_C1,SCALE,5.0,1,0.2,fedavg,FedAvg,,0.9160482844220944,0.4806055507868756,0.7645214288310579,0.4806055507868756,0.5255855961656911,0.8984888059439098,0.0,0.0,0.0126806233075265,0.9555710360308062,0.9555710360308062,0.260784528877459,0.2118179950734157,0.0486743335542536,,0.0,0.0,0.0,0.0,,,True,0.0,False,False,72
72,non_iid,E_SCALE_C1,SCALE,5.0,1,0.2,coordinate_median,Coordinate Median,,0.9216683269319896,0.5891841688013231,0.8083021493253318,0.5891841688013231,0.6474725807435485,0.906151309336544,0.2348351761909682,0.2348351761909682,0.0004614028556063,0.8227872595688688,0.8227872595688688,0.0933761917961144,0.0629025606932013,0.027950447372783,,0.1218869845778574,0.1085786180144474,0.0076625033926341,0.2348351761909682,0.4673857958618829,46.73857958618829,True,0.0,False,False,72
72,non_iid,E_SCALE_C1,SCALE,5.0,1,0.2,trimmed_mean,Trimmed Mean,1.0,0.9428327145071675,0.6631338236106474,0.9371448924764604,0.6631338236106474,0.7525099342607623,0.9346036223596212,0.3790518191841235,0.3790518191841235,0.0004709491215844,0.8812647548279732,0.8812647548279732,-0.0112015638598887,-0.0070597110934547,-0.0008954039038262,,0.2269243380950711,0.1825282728237718,0.0361148164157114,0.3790518191841235,0.870160277804292,87.0160277804292,True,0.0,False,False,72
72,non_iid,E_SCALE_C1_C2,SCALE,5.0,1+2,0.4,fedavg,FedAvg,,0.8383904837498202,0.5028714881121852,0.4279808466453915,0.5028714881121852,0.4462618404579235,0.8577777505767844,0.0,0.0,0.1362952214574602,0.7778963039157551,0.7660948641107781,0.3401082845852266,0.1895520577481061,0.089385388921379,,0.0,0.0,0.0,0.0,,,True,0.0,False,False,72
72,non_iid,E_SCALE_C1_C2,SCALE,5.0,1+2,0.4,coordinate_median,Coordinate Median,,0.9276532726759392,0.5498426463562727,0.7719440172592881,0.5498426463562727,0.6238586340589697,0.907587154440006,0.0,0.0,2.2274620615479588e-05,0.7181480223302936,0.6372326134132479,0.1169901384806932,0.1022440831382517,0.026514602269321,,0.1775967936010461,0.0469711582440874,0.0498094038632216,0.0,0.5221772054674626,52.21772054674626,True,0.0,False,False,72
72,non_iid,E_SCALE_C1_C2,SCALE,5.0,1+2,0.4,trimmed_mean,Trimmed Mean,1.0,0.9531911720052632,0.6504506495178802,0.913220308608759,0.6504506495178802,0.7093697524480599,0.9475625711285296,0.1223404255319148,0.1223404255319148,0.0015974085069958,0.829518551780664,0.8117187197646968,0.0319386179528136,0.0056234629993124,-0.0138543526727344,,0.2631079119901363,0.147579161405695,0.089784820551745,0.1223404255319148,0.7736004205572504,77.36004205572505,True,0.0,False,False,72
72,non_iid,E_RANDOM_C1,RANDOM,5.0,1,0.2,fedavg,FedAvg,,0.8860090240303429,0.4198257288235931,0.5726920052091755,0.4198257288235931,0.469000902861092,0.8472990817005513,0.0,0.0,1.5910443296771136e-05,0.0,0.0,0.3173692221820582,0.2725978170366981,0.0998640577976121,,0.0,0.0,0.0,0.0,,,True,0.0,False,False,72
72,non_iid,E_RANDOM_C1,RANDOM,5.0,1,0.2,coordinate_median,Coordinate Median,,0.8894343200813974,0.5377973848423514,0.7459671820573682,0.5377973848423514,0.5943867253243243,0.8496175587532449,0.0,0.0,0.0002863879793418,0.0,0.0,0.1464620472153386,0.114289344652173,0.0844841979560822,,0.1253858224632323,0.1179716560187582,0.0023184770526935,0.0,0.3950787086446116,39.50787086446116,True,0.0,False,False,72
72,non_iid,E_RANDOM_C1,RANDOM,5.0,1,0.2,trimmed_mean,Trimmed Mean,1.0,0.8994411919817176,0.5971100563463657,0.7623548685839013,0.5971100563463657,0.6517803165059041,0.8630260045119675,0.0,0.0,2.2274620615479588e-05,0.0,0.0,0.0895280538949694,0.058964056170827,0.0706822139438274,,0.1827794136448121,0.1772843275227725,0.0157269228114161,0.0,0.5759204134166516,57.59204134166516,True,0.0,False,False,72
72,non_iid,E_RANDOM_C1_C2,RANDOM,5.0,1+2,0.4,fedavg,FedAvg,,0.8550322020445236,0.3199113930918814,0.3310208636972777,0.3199113930918814,0.2895408759159199,0.7992357504284243,0.0,0.0,2.8638797934188043e-05,0.0,0.0,0.4968292491272302,0.3725121527684099,0.1479273890697391,,0.0,0.0,0.0,0.0,,,True,0.0,False,False,72
72,non_iid,E_RANDOM_C1_C2,RANDOM,5.0,1+2,0.4,coordinate_median,Coordinate Median,,0.8584628251500898,0.5027529074550438,0.480673458308845,0.5027529074550438,0.4352667442036062,0.8044338474531719,0.0,0.0,0.0004232177916941,0.0,0.0,0.3055820283360567,0.1493338220394806,0.1296679092561551,,0.1457258682876863,0.1828415143631623,0.0051980970247476,0.0,0.2933117737002802,29.331177370028023,True,0.0,False,False,72
72,non_iid,E_RANDOM_C1_C2,RANDOM,5.0,1+2,0.4,trimmed_mean,Trimmed Mean,1.0,0.8586466085307451,0.5001922299246866,0.5064962657730717,0.5001922299246866,0.4428431103082131,0.8048291098179671,0.0,0.0,6.045968452773032e-05,0.0,0.0,0.2984652600926604,0.1558818825925061,0.1288791086378279,,0.1533022343922931,0.1802808368328052,0.0055933593895427,0.0,0.3085612102379159,30.856121023791587,True,0.0,False,False,72
82,non_iid,E0_CLEAN,NONE,1.0,,0.0,fedavg,FedAvg,,0.9519952482673756,0.5920658239298661,0.7952915886691589,0.5920658239298661,0.6613470931741635,0.946196740860061,0.0,0.0,0.0009896295730591,,,0.0,0.0,0.0,0.0,0.0,0.0,0.0,0.0,,,True,0.0,False,False,82
82,non_iid,E0_CLEAN,NONE,1.0,,0.0,coordinate_median,Coordinate Median,,0.9512148347814045,0.7206296609936484,0.8787944919061405,0.7206296609936484,0.7717194004251922,0.9459725852601434,0.4044836457184858,0.4044836457184858,0.0015592234430835,,,0.0,0.0,0.0,0.1103723072510286,0.1103723072510286,0.1285638370637823,-0.0002241555999176,0.4044836457184858,,,True,0.0,False,False,82
82,non_iid,E0_CLEAN,NONE,1.0,,0.0,trimmed_mean,Trimmed Mean,1.0,0.9496167184278796,0.723397549989634,0.8414640868910993,0.723397549989634,0.7585883955130918,0.944460525897168,0.4120543917677324,0.4120543917677324,0.0016674144575016,,,0.0,0.0,0.0,0.0972413023389282,0.0972413023389282,0.1313317260597679,-0.001736214962893,0.4120543917677324,,,True,0.0,False,False,82
82,non_iid,E_SCALE_C1,SCALE,5.0,1,0.2,fedavg,FedAvg,,0.9069550023705392,0.4551319143195587,0.7389180768839828,0.4551319143195587,0.4757986393402855,0.8830545411620986,0.0,0.0,0.0166518699544006,0.9985680560393204,0.9985680560393204,0.1855484538338779,0.1369339096103073,0.0631421996979624,,0.0,0.0,0.0,0.0,,,True,0.0,False,False,82
82,non_iid,E_SCALE_C1,SCALE,5.0,1,0.2,coordinate_median,Coordinate Median,,0.930734973710986,0.6426857977605028,0.8689582306563652,0.6426857977605028,0.7159370923497703,0.9207422335465338,0.3895318797147876,0.3895318797147876,0.000512316274156,0.8054491272882077,0.8054491272882077,0.0557823080754218,0.0779438632331456,0.0252303517136095,,0.2401384530094847,0.1875538834409441,0.0376876923844352,0.3895318797147876,1.2942088605302062,129.4208860530206,True,0.0,False,False,82
82,non_iid,E_SCALE_C1,SCALE,5.0,1,0.2,trimmed_mean,Trimmed Mean,1.0,0.9352789512095078,0.654197205909365,0.8232642909692434,0.654197205909365,0.708525480372377,0.9265936643997528,0.4082322675486953,0.4082322675486953,0.0009673549524436,0.8189558419443477,0.8189558419443477,0.0500629151407148,0.0692003440802689,0.0178668614974153,,0.2327268410320914,0.1990652915898063,0.043539123237654,0.4082322675486953,1.2542645127102614,125.42645127102614,True,0.0,False,False,82
82,non_iid,E_SCALE_C1_C2,SCALE,5.0,1+2,0.4,fedavg,FedAvg,,0.8738979655978819,0.5031330337198501,0.4870677066363704,0.5031330337198501,0.4516638987064676,0.8788949499164728,0.0,0.0,0.0981674351410779,0.910245018953724,0.8509230233368165,0.2096831944676959,0.0889327902100159,0.0673017909435882,,0.0,0.0,0.0,0.0,,,True,0.0,False,False,82
82,non_iid,E_SCALE_C1_C2,SCALE,5.0,1+2,0.4,coordinate_median,Coordinate Median,,0.9369010393083352,0.6620997955601543,0.7573231853713459,0.6620997955601543,0.7027626329482674,0.9183541820439626,0.0,0.0,0.0001941074082206,0.793870116333084,0.7906892632014054,0.0689567674769248,0.0585298654334941,0.0276184032161808,,0.2510987342417997,0.1589667618403042,0.0394592321274898,0.0,1.1975148264945208,119.75148264945209,True,0.0,False,False,82
82,non_iid,E_SCALE_C1_C2,SCALE,5.0,1+2,0.4,trimmed_mean,Trimmed Mean,1.0,0.9572157616888892,0.6903554145602183,0.918438693705201,0.6903554145602183,0.7566868838374079,0.9521850107523268,0.3018617021276595,0.3018617021276595,0.0016005905956551,0.8631121679011033,0.8179883122411858,0.0019015116756838,0.0330421354294157,-0.0077244848551587,,0.3050229851309403,0.1872223808403682,0.0732900608358539,0.3018617021276595,1.4546849398459187,145.46849398459187,True,0.0,False,False,82
82,non_iid,E_RANDOM_C1,RANDOM,5.0,1,0.2,fedavg,FedAvg,,0.8951182872454334,0.433246899363601,0.5936103487660781,0.433246899363601,0.4785400775696105,0.8572860081411974,0.0,0.0,0.0001272835463741,0.0,0.0,0.1828070156045529,0.158818924566265,0.0889107327188636,,0.0,0.0,0.0,0.0,,,True,0.0,False,False,82
82,non_iid,E_RANDOM_C1,RANDOM,5.0,1,0.2,coordinate_median,Coordinate Median,,0.8971958385050154,0.6079509724058799,0.7247375764940424,0.6079509724058799,0.6395626356636761,0.86045142322164,0.0,0.0,0.0004359461463315,0.0,0.0,0.132156764761516,0.1126786885877685,0.0855211620385033,,0.1610225580940655,0.1747040730422789,0.0031654150804426,0.0,0.8808335804922749,88.08335804922748,True,0.0,False,False,82
82,non_iid,E_RANDOM_C1,RANDOM,5.0,1,0.2,trimmed_mean,Trimmed Mean,1.0,0.9002136148859211,0.6320232806947103,0.7289868773168883,0.6320232806947103,0.660941970636836,0.8647433078560405,0.0,0.0,0.0012632891977636,0.0,0.0,0.0976464248762557,0.0913742692949237,0.0797172180411275,,0.1824018930672254,0.1987763813311092,0.0074572997148431,0.0,0.9977838786110712,99.77838786110712,True,0.0,False,False,82
82,non_iid,E_RANDOM_C1_C2,RANDOM,5.0,1+2,0.4,fedavg,FedAvg,,0.8544568801572546,0.302717621753202,0.3339569281527582,0.302717621753202,0.2906717410740806,0.7968364638496525,0.0,0.0,1.2728354637416908e-05,0.0,0.0,0.3706753521000829,0.289348202176664,0.1493602770104085,,0.0,0.0,0.0,0.0,,,True,0.0,False,False,82
82,non_iid,E_RANDOM_C1_C2,RANDOM,5.0,1+2,0.4,coordinate_median,Coordinate Median,,0.8589715588559618,0.5135072373194586,0.4784068244380355,0.5135072373194586,0.4423645841934494,0.8057004932518528,0.0,0.0,0.0012091936905546,0.0,0.0,0.3293548162317427,0.2071224236741898,0.1402720920082906,,0.1516928431193688,0.2107896155662565,0.0088640294022003,0.0,0.4092336926637936,40.92336926637936,True,0.0,False,False,82
82,non_iid,E_RANDOM_C1_C2,RANDOM,5.0,1+2,0.4,trimmed_mean,Trimmed Mean,1.0,0.8581005854432908,0.4927687124295886,0.4696905326391177,0.4927687124295886,0.432901519086208,0.8039947935335118,0.0,0.0,0.0012155578678733,0.0,0.0,0.3256868764268837,0.2306288375600454,0.1404657323636562,,0.1422297780121274,0.1900510906763866,0.0071583296838593,0.0,0.3837044389553184,38.37044389553185,True,0.0,False,False,82
92,non_iid,E0_CLEAN,NONE,1.0,,0.0,fedavg,FedAvg,,0.9476403812040208,0.5681040853748075,0.7975959436385645,0.5681040853748075,0.6446155067465451,0.9408407132789004,0.0,0.0,1.5910443296771136e-05,,,0.0,0.0,0.0,0.0,0.0,0.0,0.0,0.0,,,True,0.0,False,False,92
92,non_iid,E0_CLEAN,NONE,1.0,,0.0,coordinate_median,Coordinate Median,,0.9192338630201204,0.5812212103095639,0.772607047732449,0.5812212103095639,0.5957561262375051,0.907585776552616,0.2228479900795701,0.2228479900795701,0.000458220766947,,,0.0,0.0,0.0,-0.04885938050904,-0.04885938050904,0.0131171249347563,-0.0332549367262843,0.2228479900795701,,,True,0.0,False,False,92
92,non_iid,E0_CLEAN,NONE,1.0,,0.0,trimmed_mean,Trimmed Mean,1.0,0.939045178749314,0.6510125632137217,0.8456041475728077,0.6510125632137217,0.7185999026277954,0.931457053074642,0.3883866225652334,0.3883866225652334,0.0004645849442657,,,0.0,0.0,0.0,0.0739843958812502,0.0739843958812502,0.0829084778389142,-0.0093836602042582,0.3883866225652334,,,True,0.0,False,False,92
92,non_iid,E_SCALE_C1,SCALE,5.0,1,0.2,fedavg,FedAvg,,0.912540419026108,0.4613769479237659,0.7693246461796761,0.4613769479237659,0.4872578779909203,0.8906393947659902,0.0,0.0,0.0204449196363509,0.9964007895042378,0.9964007895042378,0.1573576287556248,0.1067271374510416,0.0502013185129101,,0.0,0.0,0.0,0.0,,,True,0.0,False,False,92
92,non_iid,E_SCALE_C1,SCALE,5.0,1,0.2,coordinate_median,Coordinate Median,,0.9228402789245742,0.5945159308974142,0.8047378943562317,0.5945159308974142,0.6328606662646312,0.9065463834511872,0.1943267541593469,0.1943267541593469,0.0009291698885314,0.8504199078911723,0.8504199078911723,-0.0371045400271261,-0.0132947205878503,0.0010393931014286,,0.1456027882737109,0.1331389829736483,0.0159069886851971,0.1943267541593469,0.9252985662349484,92.52985662349484,True,0.0,False,False,92
92,non_iid,E_SCALE_C1,SCALE,5.0,1,0.2,trimmed_mean,Trimmed Mean,1.0,0.9309347382551766,0.6212098729590619,0.8971525979477342,0.6212098729590619,0.6934882757350883,0.9176024452958214,0.2933760462953395,0.2933760462953395,0.0005568655153869,0.8873795425519564,0.8873795425519564,0.025111626892707,0.0298026902546597,0.0138546077788206,,0.206230397744168,0.159832925035296,0.0269630505298311,0.2933760462953395,1.3105840458770657,131.05840458770655,True,0.0,False,False,92
92,non_iid,E_SCALE_C1_C2,SCALE,5.0,1+2,0.4,fedavg,FedAvg,,0.8623728831617133,0.445397455055236,0.4569968890831364,0.445397455055236,0.4075039168129978,0.8687329635005395,0.0,0.0,0.0761919308595776,0.6610160912357494,0.3223421959054143,0.2371115899335472,0.1227066303195715,0.0721077497783607,,0.0,0.0,0.0,0.0,,,True,0.0,False,False,92
92,non_iid,E_SCALE_C1_C2,SCALE,5.0,1+2,0.4,coordinate_median,Coordinate Median,,0.9421828138567342,0.6590829099478709,0.8570341141884109,0.6590829099478709,0.7244699941689633,0.934503892479306,0.3789048144064682,0.3789048144064682,0.0004614028556063,0.7135193170379694,0.5718197788570838,-0.1287138679314582,-0.077861699638307,-0.0269181159266899,,0.3169660773559654,0.2136854548926349,0.0657709289787663,0.3789048144064682,1.3367801946956628,133.67801946956627,True,0.0,False,False,92
92,non_iid,E_SCALE_C1_C2,SCALE,5.0,1+2,0.4,trimmed_mean,Trimmed Mean,1.0,0.9606836741760378,0.7034163137930473,0.9482356608183858,0.7034163137930473,0.779290422538336,0.9556676132132926,0.355718085106383,0.355718085106383,0.0005314088061121,0.8798669968501505,0.8755756801733813,-0.0606905199105406,-0.0524037505793255,-0.0242105601386506,,0.3717865057253381,0.2580188587378113,0.0869346497127531,0.355718085106383,1.567981159544056,156.7981159544056,True,0.0,False,False,92
92,non_iid,E_RANDOM_C1,RANDOM,5.0,1,0.2,fedavg,FedAvg,,0.8983624634430885,0.4381922038614929,0.5933517030639787,0.4381922038614929,0.4706995373301432,0.8620653206218994,0.0,0.0,0.0009418982431688,0.0,0.0,0.1739159694164018,0.1299118815133145,0.0787753926570008,,0.0,0.0,0.0,0.0,,,True,0.0,False,False,92
92,non_iid,E_RANDOM_C1,RANDOM,5.0,1,0.2,coordinate_median,Coordinate Median,,0.8976379840294906,0.5779374241991927,0.719974997545544,0.5779374241991927,0.6216106959617215,0.8610569033343274,0.0,0.0,0.0004836774762218,0.0,0.0,-0.0258545697242164,0.0032837861103711,0.0465288732182885,,0.1509111586315782,0.1397452203376997,-0.001008417287572,0.0,0.8677245634082981,86.7724563408298,True,0.0,False,False,92
92,non_iid,E_RANDOM_C1,RANDOM,5.0,1,0.2,trimmed_mean,Trimmed Mean,1.0,0.9000165138689864,0.6066670112219066,0.7428068178546819,0.6066670112219066,0.6499267471497716,0.8640830392826581,0.0,0.0,0.0004868595648811,0.0,0.0,0.0686731554780237,0.0443455519918151,0.0673740137919839,,0.1792272098196283,0.1684748073604136,0.0020177186607586,0.0,1.0305391185240151,103.05391185240153,True,0.0,False,False,92
92,non_iid,E_RANDOM_C1_C2,RANDOM,5.0,1+2,0.4,fedavg,FedAvg,,0.8527575497680068,0.3087302671074116,0.2976872875991032,0.3087302671074116,0.3005396526370243,0.795205907032683,0.0,0.0,0.0056672999023098,0.0,0.0,0.3440758541095207,0.2593738182673958,0.1456348062462172,,0.0,0.0,0.0,0.0,,,True,0.0,False,False,92
92,non_iid,E_RANDOM_C1_C2,RANDOM,5.0,1+2,0.4,coordinate_median,Coordinate Median,,0.8584468439865545,0.4845680153463008,0.4901280903452269,0.4845680153463008,0.4427509603263469,0.8034683353214123,0.0,0.0,0.000162286521627,0.0,0.0,0.1530051659111581,0.096653194963263,0.1041174412312037,,0.1422113076893225,0.1758377482388891,0.0082624282887292,0.0,0.4133138259799425,41.331382597994256,True,0.0,False,False,92
92,non_iid,E_RANDOM_C1_C2,RANDOM,5.0,1+2,0.4,trimmed_mean,Trimmed Mean,1.0,0.8591420246003377,0.484354742879894,0.4659664471760614,0.484354742879894,0.4454808146584861,0.8037208482491465,0.0,0.0,0.0008687102040037,0.0,0.0,0.2731190879693092,0.1666578203338276,0.1277362048254955,,0.1449411620214618,0.1756244757724824,0.0085149412164634,0.0,0.4212476995707069,42.1247699570707,True,0.0,False,False,92
102,non_iid,E0_CLEAN,NONE,1.0,,0.0,fedavg,FedAvg,,0.9555776924265266,0.7247764057474483,0.9265192210260284,0.7247764057474483,0.8001418081761632,0.9508637958089028,0.4387357589121646,0.4387357589121646,0.0002482029154296,,,0.0,0.0,0.0,0.0,0.0,0.0,0.0,0.0,,,True,0.0,False,False,102
102,non_iid,E0_CLEAN,NONE,1.0,,0.0,coordinate_median,Coordinate Median,,0.9334570985664896,0.6379541996478673,0.9211859368745524,0.6379541996478673,0.7157099266864035,0.9206201462114576,0.2384417493568541,0.2384417493568541,0.0004709491215844,,,0.0,0.0,0.0,-0.0844318814897596,-0.0844318814897596,-0.086822206099581,-0.0302436495974449,-0.2002940095553105,,,True,0.0,False,False,102
102,non_iid,E0_CLEAN,NONE,1.0,,0.0,trimmed_mean,Trimmed Mean,1.0,0.9392848962023428,0.671467022834634,0.8904949512848112,0.671467022834634,0.7388006086361107,0.9297355017162202,0.3160602719588387,0.3160602719588387,0.0004804953875624,,,0.0,0.0,0.0,-0.0613411995400524,-0.0613411995400524,-0.0533093829128142,-0.0211282940926824,-0.1226754869533259,,,True,0.0,False,False,102
102,non_iid,E_SCALE_C1,SCALE,5.0,1,0.2,fedavg,FedAvg,,0.9050186180555184,0.4310583227911133,0.7597642311326623,0.4310583227911133,0.4498724096967185,0.8785213533970463,0.0,0.0,0.015496771771055,0.998374550098688,0.998374550098688,0.3502693984794446,0.2937180829563349,0.0723424424118563,,0.0,0.0,0.0,0.0,,,True,0.0,False,False,102
102,non_iid,E_SCALE_C1,SCALE,5.0,1,0.2,coordinate_median,Coordinate Median,,0.9277145338028244,0.6408578259245,0.8866376468887731,0.6408578259245,0.6887695278009449,0.9109299244997296,0.1158397647923557,0.1158397647923557,0.0004836774762218,0.8639266225473122,0.8639266225473122,0.0269403988854586,-0.0029036262766327,0.0096902217117281,,0.2388971181042263,0.2097995031333867,0.0324085711026832,0.1158397647923557,0.6820382229829475,68.20382229829475,True,0.0,False,False,102
102,non_iid,E_SCALE_C1,SCALE,5.0,1,0.2,trimmed_mean,Trimmed Mean,1.0,0.9399161521619852,0.67926785091686,0.8902147114615743,0.67926785091686,0.7464459384691966,0.9309902477305406,0.3994854832782065,0.3994854832782065,0.0004804953875624,0.8776268431440846,0.8776268431440846,-0.0076453298330858,-0.007800828082226,-0.0012547460143204,,0.296573528772478,0.2482095281257467,0.0524688943334943,0.3994854832782065,0.8467012249997691,84.67012249997691,True,0.0,False,False,102
102,non_iid,E_SCALE_C1_C2,SCALE,5.0,1+2,0.4,fedavg,FedAvg,,0.9043154468599676,0.6548417608313546,0.6553100467857981,0.6548417608313546,0.6291207089208203,0.9071971503175912,0.0086436170212765,0.0086436170212765,0.0737194479712593,0.9264135111050834,0.8865668176013004,0.1710210992553429,0.0699346449160936,0.0436666454913114,,0.0,0.0,0.0,0.0,,,True,0.0,False,False,102
102,non_iid,E_SCALE_C1_C2,SCALE,5.0,1+2,0.4,coordinate_median,Coordinate Median,,0.9298187203349652,0.6557659041420211,0.7328518916826318,0.6557659041420211,0.6849593712850538,0.9102596212677864,0.0,0.0,8.909848246191835e-05,0.7156404057009118,0.6098480934173814,0.0307505554013497,-0.0178117044941538,0.0103605249436713,,0.0558386623642335,0.0009241433106664,0.0030624709501951,-0.0086436170212765,0.326501598968579,32.6501598968579,True,0.0,False,False,102
102,non_iid,E_SCALE_C1_C2,SCALE,5.0,1+2,0.4,trimmed_mean,Trimmed Mean,1.0,0.9610059609739986,0.7308038362807548,0.9240100125568406,0.7308038362807548,0.7959681663543475,0.9566167622347233,0.4335905916942301,0.4335905916942301,0.0023133784553505,0.8922917909372936,0.8482913425442161,-0.0571675577182367,-0.0593368134461208,-0.0268812605185029,,0.1668474574335272,0.0759620754494002,0.0494196119171319,0.4249469746729535,0.97559574906261,97.559574906261,True,0.0,False,False,102
102,non_iid,E_RANDOM_C1,RANDOM,5.0,1,0.2,fedavg,FedAvg,,0.8978643838462399,0.5704300050986507,0.7348279615317425,0.5704300050986507,0.6228947651210953,0.8615342673701064,0.0,0.0,0.0001304656350335,0.0,0.0,0.1772470430550679,0.1543464006487975,0.0893295284387962,,0.0,0.0,0.0,0.0,,,True,0.0,False,False,102
102,non_iid,E_RANDOM_C1,RANDOM,5.0,1,0.2,coordinate_median,Coordinate Median,,0.8899830066961075,0.5863481185474998,0.7006867153523677,0.5863481185474998,0.6197873096285029,0.8537239983656919,0.0,0.0,0.0005059520968373,0.0,0.0,0.0959226170579006,0.0516060811003674,0.0668961478457658,,-0.0031074554925923,0.015918113448849,-0.0078102690044145,0.0,-0.0175317762092479,-1.753177620924799,True,0.0,False,False,102
102,non_iid,E_RANDOM_C1,RANDOM,5.0,1,0.2,trimmed_mean,Trimmed Mean,1.0,0.9001789890315948,0.6252540745149721,0.7049967354847245,0.6252540745149721,0.6379735166805605,0.8651179335962316,0.0,0.0,7.000595050579299e-05,0.0,0.0,0.1008270919555502,0.0462129483196619,0.0646175681199886,,0.0150787515594651,0.0548240694163213,0.0035836662261251,0.0,0.0850719498591601,8.507194985916017,True,0.0,False,False,102
102,non_iid,E_RANDOM_C1_C2,RANDOM,5.0,1+2,0.4,fedavg,FedAvg,,0.8562600881094816,0.4403440565169211,0.4916246811517824,0.4403440565169211,0.4217617327276777,0.8019448846885422,0.0,0.0,3.818506391225072e-05,0.0,0.0,0.3783800754484855,0.2844323492305271,0.1489189111203605,,0.0,0.0,0.0,0.0,,,True,0.0,False,False,102
102,non_iid,E_RANDOM_C1_C2,RANDOM,5.0,1+2,0.4,coordinate_median,Coordinate Median,,0.8584202087139958,0.5010267380097658,0.4575128813022238,0.5010267380097658,0.4224176979751646,0.8069937483969822,0.0,0.0,0.0004359461463315,0.0,0.0,0.2932922287112389,0.1369274616381014,0.1136263978144754,,0.0006559652474869,0.0606826814928446,0.00504886370844,0.0,0.0017336146643276,0.1733614664327659,True,0.0,False,False,102
102,non_iid,E_RANDOM_C1_C2,RANDOM,5.0,1+2,0.4,trimmed_mean,Trimmed Mean,1.0,0.8579620820259853,0.4814327207473237,0.4986267531649053,0.4814327207473237,0.4288254301412608,0.8065870085601001,0.0,0.0,0.0001304656350335,0.0,0.0,0.3099751784948499,0.1900343020873102,0.12314849315612,,0.0070636974135831,0.0410886642304025,0.0046421238715579,0.0,0.0186682594352007,1.866825943520072,True,0.0,False,False,102
112,non_iid,E0_CLEAN,NONE,1.0,,0.0,fedavg,FedAvg,,0.9545362532694796,0.6263768230081732,0.93295711241537,0.6263768230081732,0.7159754092173806,0.9490403130952784,0.1986379114642451,0.1986379114642451,0.000206835762858,,,0.0,0.0,0.0,0.0,0.0,0.0,0.0,0.0,,,True,0.0,False,False,112
112,non_iid,E0_CLEAN,NONE,1.0,,0.0,coordinate_median,Coordinate Median,,0.9458025473974676,0.6774889085705231,0.8292721046707979,0.6774889085705231,0.7199794577557622,0.9395651011502226,0.3518559353178978,0.3518559353178978,0.000512316274156,,,0.0,0.0,0.0,0.0040040485383816,0.0040040485383816,0.0511120855623499,-0.0094752119450557,0.1532180238536526,,,True,0.0,False,False,112
112,non_iid,E0_CLEAN,NONE,1.0,,0.0,trimmed_mean,Trimmed Mean,1.0,0.9497525583179292,0.7060786214252102,0.88792172440372,0.7060786214252102,0.7684907291018188,0.9434411709941068,0.3598676957001102,0.3598676957001102,0.0004709491215844,,,0.0,0.0,0.0,0.0525153198844382,0.0525153198844382,0.0797017984170369,-0.0055991421011716,0.161229784235865,,,True,0.0,False,False,112
112,non_iid,E_SCALE_C1,SCALE,5.0,1,0.2,fedavg,FedAvg,,0.9191592842569558,0.4987270969958933,0.7632047937401634,0.4987270969958933,0.5398985321550223,0.9054776041809904,0.0,0.0,0.0167759714121154,0.998297147722435,0.998297147722435,0.1760768770623583,0.1276497260122799,0.0435627089142879,,0.0,0.0,0.0,0.0,,,True,0.0,False,False,112
112,non_iid,E_SCALE_C1,SCALE,5.0,1,0.2,coordinate_median,Coordinate Median,,0.9396151735820713,0.617752140259499,0.9060221154061304,0.617752140259499,0.6929455346773254,0.9306965594264376,0.2599734042553192,0.2599734042553192,0.0004741312102437,0.8876117496807152,0.8876117496807152,0.0270339230784367,0.0597367683110241,0.0088685417237851,,0.1530470025223032,0.1190250432636056,0.025218955245447,0.2599734042553192,0.8692055713147445,86.92055713147445,True,0.0,False,False,112
112,non_iid,E_SCALE_C1,SCALE,5.0,1,0.2,trimmed_mean,Trimmed Mean,1.0,0.936016748259385,0.6440667683850788,0.9144225200006798,0.6440667683850788,0.7237847384946527,0.9249965268776492,0.3363469312752664,0.3363469312752664,0.0002641133587264,0.8906304423545803,0.8906304423545803,0.044705990607166,0.0620118530401313,0.0184446441164576,,0.1838862063396305,0.1453396713891855,0.0195189226966586,0.3363469312752664,1.044351816136008,104.4351816136008,True,0.0,False,False,112
112,non_iid,E_SCALE_C1_C2,SCALE,5.0,1+2,0.4,fedavg,FedAvg,,0.8012289514758605,0.328052949828405,0.3751046372370641,0.328052949828405,0.2560027678261649,0.8060018782759416,0.0,0.0,0.1290909727326822,0.4983551995046248,0.0,0.4599726413912157,0.2983238731797682,0.1430384348193367,,0.0,0.0,0.0,0.0,,,True,0.0,False,False,112
112,non_iid,E_SCALE_C1_C2,SCALE,5.0,1+2,0.4,coordinate_median,Coordinate Median,,0.9515690839064356,0.6955657088289593,0.898350954502944,0.6955657088289593,0.7667181837454872,0.9454055858697704,0.3681734656376332,0.3681734656376332,0.0002322924721328,0.8062773435122137,0.766353208639041,-0.0467387259897249,-0.0180768002584361,-0.0058404847195476,,0.5107154159193223,0.3675127590005543,0.1394037075938287,0.3681734656376332,1.1103169405350544,111.03169405350545,True,0.0,False,False,112
112,non_iid,E_SCALE_C1_C2,SCALE,5.0,1+2,0.4,trimmed_mean,Trimmed Mean,1.0,0.9587153275339466,0.6954054908799511,0.9097465212093052,0.6954054908799511,0.7564970175036839,0.9540723787869028,0.3158244680851064,0.3158244680851064,0.0016960532554358,0.8630964776627736,0.854448692776687,0.0119937115981348,0.010673130545259,-0.010631207792796,,0.5004942496775191,0.3673525410515461,0.1480705005109611,0.3158244680851064,1.0880956923084453,108.80956923084452,True,0.0,False,False,112
112,non_iid,E_RANDOM_C1,RANDOM,5.0,1,0.2,fedavg,FedAvg,,0.8940102599069897,0.4317025589013262,0.5883838550555732,0.4317025589013262,0.4723930698488292,0.8554843368160728,0.0,0.0,9.54626597806268e-06,0.0,0.0,0.2435823393685513,0.194674264106847,0.0935559762792055,,0.0,0.0,0.0,0.0,,,True,0.0,False,False,112
112,non_iid,E_RANDOM_C1,RANDOM,5.0,1,0.2,coordinate_median,Coordinate Median,,0.8985968538416054,0.6058578993661098,0.7016303500027857,0.6058578993661098,0.6339066455005872,0.8623430920069138,0.0,0.0,0.0006618744411456,0.0,0.0,0.086072812255175,0.0716310092044133,0.0772220091433087,,0.1615135756517579,0.1741553404647836,0.006858755190841,0.0,0.6630758866609802,66.30758866609801,True,0.0,False,False,112
112,non_iid,E_RANDOM_C1,RANDOM,5.0,1,0.2,trimmed_mean,Trimmed Mean,1.0,0.8999046457242397,0.6169256737273565,0.7269791904802211,0.6169256737273565,0.6521441721112734,0.8639224285763727,0.0,0.0,0.0005600476040463,0.0,0.0,0.1163465569905454,0.0891529476978536,0.079518742417734,,0.1797511022624441,0.1852231148260303,0.0084380917602998,0.0,0.7379480085806732,73.79480085806732,True,0.0,False,False,112
112,non_iid,E_RANDOM_C1_C2,RANDOM,5.0,1+2,0.4,fedavg,FedAvg,,0.8543050591036698,0.3467524529419883,0.30117625155739,0.3467524529419883,0.2988619117669781,0.8002041447563447,0.0,0.0,0.0057086670548814,0.0,0.0,0.4171134974504024,0.2796243700661849,0.1488361683389336,,0.0,0.0,0.0,0.0,,,True,0.0,False,False,112
112,non_iid,E_RANDOM_C1_C2,RANDOM,5.0,1+2,0.4,coordinate_median,Coordinate Median,,0.8589342694743796,0.5038844747961997,0.4904416431153928,0.5038844747961997,0.4394806168459612,0.8058863960294204,0.0,0.0,0.0003022984226386,0.0,0.0,0.280498840909801,0.1736044337743234,0.1336787051208022,,0.1406187050789831,0.1571320218542113,0.0056822512730756,0.0,0.3371233631577784,33.71233631577784,True,0.0,False,False,112
112,non_iid,E_RANDOM_C1_C2,RANDOM,5.0,1+2,0.4,trimmed_mean,Trimmed Mean,1.0,0.8594696384528103,0.4976127147913283,0.5013077481260483,0.4976127147913283,0.4471306328613999,0.8059890732009436,0.0,0.0,0.0006873311504205,0.0,0.0,0.3213600962404189,0.2084659066338818,0.1374520977931631,,0.1482687210944218,0.15086026184934,0.0057849284445988,0.0,0.3554637334939081,35.54637334939081,True,0.0,False,False,112
122,non_iid,E0_CLEAN,NONE,1.0,,0.0,fedavg,FedAvg,,0.9507300728208352,0.5865972774150932,0.7937578273991468,0.5865972774150932,0.6563149589228883,0.9445003607223924,0.0,0.0,2.2274620615479588e-05,,,0.0,0.0,0.0,0.0,0.0,0.0,0.0,0.0,,,True,0.0,False,False,122
122,non_iid,E0_CLEAN,NONE,1.0,,0.0,coordinate_median,Coordinate Median,,0.937987758428732,0.6448964924947745,0.9027784271701842,0.6448964924947745,0.7309533471703151,0.9299834041103,0.4083792723263506,0.4083792723263506,0.0004614028556063,,,0.0,0.0,0.0,0.0746383882474268,0.0746383882474268,0.0582992150796813,-0.0145169566120924,0.4083792723263506,,,True,0.0,False,False,122
122,non_iid,E0_CLEAN,NONE,1.0,,0.0,trimmed_mean,Trimmed Mean,1.0,0.939196999802899,0.6523037765033651,0.9111540802506574,0.6523037765033651,0.7361155164069225,0.9309462891255972,0.3409040793825799,0.3409040793825799,0.000467767032925,,,0.0,0.0,0.0,0.0798005574840342,0.0798005574840342,0.0657064990882719,-0.0135540715967952,0.3409040793825799,,,True,0.0,False,False,122
122,non_iid,E_SCALE_C1,SCALE,5.0,1,0.2,fedavg,FedAvg,,0.901510752659532,0.4178955659952605,0.5945891886409325,0.4178955659952605,0.4233770355964386,0.8701287935435797,0.0,0.0,0.0154363120865273,0.997407020395526,0.997407020395526,0.2329379233264496,0.1687017114198326,0.0743715671788126,,0.0,0.0,0.0,0.0,,,True,0.0,False,False,122
122,non_iid,E_SCALE_C1,SCALE,5.0,1,0.2,coordinate_median,Coordinate Median,,0.9356704897161212,0.6348217902555385,0.9057019887436152,0.6348217902555385,0.7215617145853241,0.926823628459864,0.3783167952958471,0.3783167952958471,2.5456709274833817e-05,0.8245675142226866,0.8245675142226866,0.0093916325849909,0.010074702239236,0.0031597756504361,,0.2981846789888855,0.2169262242602779,0.0566948349162841,0.3783167952958471,1.280103620443959,128.01036204439592,True,0.0,False,False,122
122,non_iid,E_SCALE_C1,SCALE,5.0,1,0.2,trimmed_mean,Trimmed Mean,1.0,0.9330842047506672,0.6041237653105385,0.9172233829788928,0.6041237653105385,0.699049073498425,0.9221054098385436,0.3827115841686473,0.3827115841686473,0.0001813790535831,0.8572700181895584,0.8572700181895584,0.0370664429084974,0.0481800111928266,0.0088408792870534,,0.2756720379019864,0.1862281993152779,0.0519766162949639,0.3827115841686473,1.1834570943420288,118.34570943420287,True,0.0,False,False,122
122,non_iid,E_SCALE_C1_C2,SCALE,5.0,1+2,0.4,fedavg,FedAvg,,0.8127859962390995,0.438801125948181,0.3933622299895094,0.438801125948181,0.3902693397042629,0.8364510213933464,0.0,0.0,0.1346755383298489,0.6208112997615064,0.3222260923410349,0.2660456192186253,0.1477961514669121,0.108049339329046,,0.0,0.0,0.0,0.0,,,True,0.0,False,False,122
122,non_iid,E_SCALE_C1_C2,SCALE,5.0,1+2,0.4,coordinate_median,Coordinate Median,,0.9492651328301044,0.6908080344181586,0.8853568341586046,0.6908080344181586,0.7613439420375087,0.9436652891905124,0.4172730613744946,0.4172730613744946,0.0004900416535405,0.7748972267893184,0.7367985946057662,-0.0303905948671935,-0.045911541923384,-0.0136818850802122,,0.3710746023332457,0.2520069084699776,0.1072142677971659,0.4172730613744946,1.3947780964147802,139.47780964147802,True,0.0,False,False,122
122,non_iid,E_SCALE_C1_C2,SCALE,5.0,1+2,0.4,trimmed_mean,Trimmed Mean,1.0,0.9590109790593488,0.6920891485611803,0.9302995662528248,0.6920891485611803,0.761388336453274,0.9539654076511128,0.3111702127659574,0.3111702127659574,0.0010119041936746,0.8661946133537144,0.8476800661361993,-0.0252728200463514,-0.0397853720578151,-0.0230191185255156,,0.371118996749011,0.2532880226129993,0.1175143862577664,0.3111702127659574,1.394944964096705,139.49449640967055,True,0.0,False,False,122
122,non_iid,E_RANDOM_C1,RANDOM,5.0,1,0.2,fedavg,FedAvg,,0.8961970157840625,0.4553435729970561,0.5814620711675372,0.4553435729970561,0.4911783520650369,0.8585720263609673,0.0,0.0,0.0001209193690554,0.0,0.0,0.1651366068578513,0.131253704418037,0.0859283343614251,,0.0,0.0,0.0,0.0,,,True,0.0,False,False,122
122,non_iid,E_RANDOM_C1,RANDOM,5.0,1,0.2,coordinate_median,Coordinate Median,,0.8735144176730361,0.47530677539492,0.7305575969115137,0.47530677539492,0.5156562393088926,0.8249554120825799,0.0,0.0,0.0003213909545947,0.0,0.0,0.2152971078614225,0.1695897170998545,0.10502799202772,,0.0244778872438556,0.0199632023978639,-0.0336166142783873,0.0,0.148228110711552,14.822811071155206,True,0.0,False,False,122
122,non_iid,E_RANDOM_C1,RANDOM,5.0,1,0.2,trimmed_mean,Trimmed Mean,1.0,0.8941700715423421,0.572098688544962,0.7594729087877422,0.572098688544962,0.6306091482654442,0.8570133094044499,0.0,0.0,3.182088659354227e-05,0.0,0.0,0.1055063681414782,0.080205087958403,0.0739329797211473,,0.1394307962004072,0.1167551155479059,-0.0015587169565174,0.0,0.8443360854594072,84.43360854594071,True,0.0,False,False,122
122,non_iid,E_RANDOM_C1_C2,RANDOM,5.0,1+2,0.4,fedavg,FedAvg,,0.8552639289157846,0.3291524725762075,0.4970584188051923,0.3291524725762075,0.2962024050013328,0.7994839156377209,0.0,0.0,0.0003118446886167,0.0,0.0,0.3601125539215554,0.2574448048388856,0.1450164450846714,,0.0,0.0,0.0,0.0,,,True,0.0,False,False,122
122,non_iid,E_RANDOM_C1_C2,RANDOM,5.0,1+2,0.4,coordinate_median,Coordinate Median,,0.8584974510044161,0.498111655101565,0.440791873618708,0.498111655101565,0.425071702579584,0.805025115359003,0.0,0.0,0.0007255162143327,0.0,0.0,0.3058816445907311,0.1467848373932095,0.124958288751297,,0.1288692975782511,0.1689591825253574,0.005541199721282,0.0,0.3578583867040725,35.78583867040726,True,0.0,False,False,122
122,non_iid,E_RANDOM_C1_C2,RANDOM,5.0,1+2,0.4,trimmed_mean,Trimmed Mean,1.0,0.8579594184987295,0.4888384112427413,0.5036045786212806,0.4888384112427413,0.4391953542943594,0.8038584134584555,0.0,0.0,0.0001909253195612,0.0,0.0,0.2969201621125631,0.1634653652606237,0.1270878756671416,,0.1429929492930265,0.1596859386665338,0.0043744978207346,0.0,0.3970784904215675,39.70784904215676,True,0.0,False,False,122
132,non_iid,E0_CLEAN,NONE,1.0,,0.0,fedavg,FedAvg,,0.9510363784552608,0.5834037137480936,0.9463656250972368,0.5834037137480936,0.6519255883152462,0.944662689896445,0.0045402951191827,0.0045402951191827,1.909253195612536e-05,,,0.0,0.0,0.0,0.0,0.0,0.0,0.0,0.0,,,True,0.0,False,False,132
132,non_iid,E0_CLEAN,NONE,1.0,,0.0,coordinate_median,Coordinate Median,,0.9413864192072278,0.6552398853816118,0.7830465740618607,0.6552398853816118,0.6285666147739352,0.9300310596926288,0.1030503491363469,0.1030503491363469,0.0009769012184217,,,0.0,0.0,0.0,-0.023358973541311,-0.023358973541311,0.0718361716335181,-0.014631630203816,0.0985100540171641,,,True,0.0,False,False,132
132,non_iid,E0_CLEAN,NONE,1.0,,0.0,trimmed_mean,Trimmed Mean,1.0,0.949355692756804,0.69791010178804,0.847563202291583,0.69791010178804,0.7477581798395772,0.9439259604080829,0.4097023153252481,0.4097023153252481,0.0014446682513468,,,0.0,0.0,0.0,0.0958325915243309,0.0958325915243309,0.1145063880399464,-0.0007367294883622,0.4051620202060653,,,True,0.0,False,False,132
132,non_iid,E_SCALE_C1,SCALE,5.0,1,0.2,fedavg,FedAvg,,0.9126789224434132,0.4381758874330635,0.7715435473255438,0.4381758874330635,0.4628919420086943,0.8880292425994452,0.0,0.0,0.013511148447618,0.9981810441580556,0.9981810441580556,0.1890336463065518,0.1452278263150301,0.0566334472969998,,0.0,0.0,0.0,0.0,,,True,0.0,False,False,132
132,non_iid,E_SCALE_C1,SCALE,5.0,1,0.2,coordinate_median,Coordinate Median,,0.9272404259512788,0.5117919055402099,0.7388784097759681,0.5117919055402099,0.5638668854961327,0.9137692060119648,0.0045402951191827,0.0045402951191827,0.0009068952679159,0.877820349084717,0.877820349084717,0.0646997292778024,0.1434479798414019,0.0162618536806642,,0.1009749434874384,0.0736160181071464,0.0257399634125194,0.0045402951191827,0.5341638669112349,53.416386691123485,True,0.0,False,False,132
132,non_iid,E_SCALE_C1,SCALE,5.0,1,0.2,trimmed_mean,Trimmed Mean,1.0,0.9447744258767,0.5626221731914604,0.8537811088061632,0.5626221731914604,0.632419380161816,0.936593646783076,0.0045402951191827,0.0045402951191827,3.5002975252896494e-05,0.8775494407678316,0.8775494407678316,0.1153387996777611,0.1352879285965796,0.0073323136250066,,0.1695274381531216,0.1244462857583968,0.0485644041836309,0.0045402951191827,0.8968109194603516,89.68109194603517,True,0.0,False,False,132
132,non_iid,E_SCALE_C1_C2,SCALE,5.0,1+2,0.4,fedavg,FedAvg,,0.8647993564918149,0.5813257686671408,0.627127014482129,0.5813257686671408,0.5630633506612848,0.8741784654709628,0.0,0.0,0.08539453126243,0.7133787987708707,0.4270676109756569,0.0888622376539614,0.0020779450809528,0.0704842244254821,,0.0,0.0,0.0,0.0,,,True,0.0,False,False,132
132,non_iid,E_SCALE_C1_C2,SCALE,5.0,1+2,0.4,coordinate_median,Coordinate Median,,0.9485566345800416,0.5951954527390989,0.7667965398600661,0.5951954527390989,0.6534686379266685,0.9424587392489924,0.0158910329171396,0.0158910329171396,0.0008655281153443,0.7823001397877957,0.7635630877338018,-0.0249020231527333,0.0600444326425129,-0.0124276795563633,,0.0904052872653837,0.0138696840719581,0.0682802737780294,0.0158910329171396,1.0173645144682395,101.73645144682398,True,0.0,False,False,132
132,non_iid,E_SCALE_C1_C2,SCALE,5.0,1+2,0.4,trimmed_mean,Trimmed Mean,1.0,0.9561370331502602,0.6755731164776435,0.9404597606352568,0.6755731164776435,0.7515687639277532,0.9505356112800588,0.2752659574468085,0.2752659574468085,0.0005918684906398,0.8410773442944761,0.7978712410871138,-0.003810584088176,0.0223369853103965,-0.006609650871976,,0.1885054132664684,0.0942473478105027,0.076357145809096,0.2752659574468085,2.1213219275495594,212.13219275495595,True,0.0,False,False,132
132,non_iid,E_RANDOM_C1,RANDOM,5.0,1,0.2,fedavg,FedAvg,,0.8899430537872695,0.4105964874027177,0.5979596662435318,0.4105964874027177,0.4521645054231282,0.849233811676082,0.0,0.0,1.2728354637416908e-05,0.0,0.0,0.1997610828921179,0.1728072263453758,0.0954288782203629,,0.0,0.0,0.0,0.0,,,True,0.0,False,False,132
132,non_iid,E_RANDOM_C1,RANDOM,5.0,1,0.2,coordinate_median,Coordinate Median,,0.8906888414189142,0.5821984202209346,0.7228260614098055,0.5821984202209346,0.6159021924276606,0.8512388788942432,0.0,0.0,0.0004964058308592,0.0,0.0,0.0126644223462745,0.0730414651606772,0.0787921807983856,,0.1637376870045324,0.1716019328182168,0.0020050672181611,0.0,0.8196675980824546,81.96675980824546,True,0.0,False,False,132
132,non_iid,E_RANDOM_C1,RANDOM,5.0,1,0.2,trimmed_mean,Trimmed Mean,1.0,0.9001496902317802,0.6253570537798927,0.7441694771590047,0.6253570537798927,0.6612190549345591,0.8641458532200439,0.0,0.0,0.0004232177916941,0.0,0.0,0.086539124905018,0.0725530480081473,0.0797801071880388,,0.2090545495114308,0.2147605663771749,0.0149120415439618,0.0,1.046522908690538,104.6522908690538,True,0.0,False,False,132
132,non_iid,E_RANDOM_C1_C2,RANDOM,5.0,1+2,0.4,fedavg,FedAvg,,0.8554343946601606,0.3319923147851258,0.3212904399762316,0.3319923147851258,0.2932226643549869,0.8007101762338177,0.0,0.0,0.0013078384389945,0.0,0.0,0.3587029239602592,0.2514113989629678,0.1439525136626273,,0.0,0.0,0.0,0.0,,,True,0.0,False,False,132
132,non_iid,E_RANDOM_C1_C2,RANDOM,5.0,1+2,0.4,coordinate_median,Coordinate Median,,0.8581751642064553,0.5070288619060878,0.5051863467740098,0.5070288619060878,0.4447751782957865,0.803923568279056,0.0,0.0,0.0005250446287934,0.0,0.0,0.1837914364781486,0.148211023475524,0.1261074914135729,,0.1515525139407996,0.1750365471209619,0.0032133920452382,0.0,0.4225014735524992,42.25014735524992,True,0.0,False,False,132
132,non_iid,E_RANDOM_C1_C2,RANDOM,5.0,1+2,0.4,trimmed_mean,Trimmed Mean,1.0,0.856547749053116,0.5209156259199853,0.4673305749537678,0.5209156259199853,0.4462613441004874,0.8043986171436343,0.0,0.0,0.0070769651784038,0.0,0.0,0.3014968357390897,0.1769944758680547,0.1395273432644485,,0.1530386797455005,0.1889233111348595,0.0036884409098165,0.0,0.4266446396808734,42.66446396808735,True,0.0,False,False,132
