seed,client_id,pseudo_round,local_epochs,loss,accuracy,round_training_seconds
52,1,1,1,0.10347303923853192,0.9713004938951089,8.248992500000895
52,1,2,1,0.026902911389705957,0.9861776960251823,7.393868700000894
52,1,3,1,0.024644747275822842,0.9862404588444882,7.50028299999758
52,1,4,1,0.02406881993854121,0.9866556590337423,7.370701499999996
52,1,5,1,0.023419043226228214,0.9871722453157211,7.458175800002209
52,1,6,1,0.022900290152053412,0.9871722453157211,7.508345599999302
52,1,7,1,0.021616688409851592,0.9880123015125839,7.768422699999064
52,1,8,1,0.022433464650624464,0.9875222687310806,7.7219299000025785
52,1,9,1,0.02057404208823618,0.9887847669809635,7.7977154000000155
52,1,10,1,0.01955144244966665,0.9895330929034563,7.895411699999386
52,2,1,1,0.09426010077499317,0.9789855829502716,6.858237500000541
52,2,2,1,0.014037212233552986,0.994828666945257,7.083572700001241
52,2,3,1,0.013793700378009878,0.9942619097367321,7.158344499999657
52,2,4,1,0.010899658146093654,0.9953588591725867,6.979218099997524
52,2,5,1,0.01111695568189741,0.9955730254910155,7.056667699998798
52,2,6,1,0.00839569810003422,0.9963095486836607,7.079384000000573
52,2,7,1,0.00802385608863741,0.9965550564145425,7.2091972999987775
52,2,8,1,0.007937050256076415,0.996954659423318,6.967773100001068
52,2,9,1,0.007556390781360307,0.9968266819891349,6.981512099999236
52,2,10,1,0.007269199524246813,0.9968841412452988,7.161482699997578
52,3,1,1,0.12786970123330815,0.9680091930827658,6.398275899999135
52,3,2,1,0.0429760873663111,0.9857198912525575,6.591162600001553
52,3,3,1,0.03744162559954487,0.9862720367723311,6.584369299998798
52,3,4,1,0.035953129899038545,0.9866980576809888,6.288217099998292
52,3,5,1,0.0354608626025356,0.9867709296785224,6.444368000000395
52,3,6,1,0.03489735714103289,0.986992348440259,6.694149000002653
52,3,7,1,0.03495195932023735,0.9868802376748227,6.958521100001235
52,3,8,1,0.034197537338504135,0.9871044592056952,45.401668899998185
52,3,9,1,0.0341674108872309,0.9871745284340929,6.120368999996572
52,3,10,1,0.033780223610260555,0.9871717256649569,6.293956199999229
52,4,1,1,0.14091528438397324,0.9840159707203461,5.125952399997914
52,4,2,1,0.01751189267309065,0.996047246714357,5.2075119000001
52,4,3,1,0.01171361990897315,0.9970187988687407,5.115241800001968
52,4,4,1,0.00934537855997092,0.9976709366162037,5.237589600001229
52,4,5,1,0.009161386771568065,0.9976343370487439,5.334016200002225
52,4,6,1,0.007832149352947744,0.9978672433871236,5.286911200000759
52,4,7,1,0.007752435327128891,0.9979104974213941,5.38097999999809
52,4,8,1,0.007955849702999345,0.9979637331558809,6.064172800000961
52,4,9,1,0.007641958679614681,0.9982132756612876,5.291092100000242
52,4,10,1,0.006537117348387998,0.9981800033272334,5.323700500000996
52,5,1,1,0.1405320439854527,0.9856088746953525,5.097873399998207
52,5,2,1,0.01653654428850914,0.997667030842928,5.2994166999997105
52,5,3,1,0.017017120691906234,0.9976098831834608,5.318274099998234
52,5,4,1,0.013015791928180077,0.9980637028321707,5.347780000000057
52,5,5,1,0.011335407313864536,0.9982990167240945,5.259453599999688
52,5,6,1,0.011071212424475806,0.9983662492646441,5.344875400001911
52,5,7,1,0.010170510033892155,0.9986116480376502,5.412655000000086
52,5,8,1,0.011571132951170389,0.9983259097403143,5.509386000001541
52,5,9,1,0.010898954499488177,0.9983528027565342,5.589562600001955
52,5,10,1,0.01002922398367173,0.9985141608538532,5.417919300001813
