round,weighted_local_loss,weighted_ce_loss,weighted_prox_loss,weighted_local_accuracy,global_update_norm,round_training_seconds,mu,feature_count
1,0.17431037300912258,0.14954529210932005,0.024765080864168933,0.9672479798259428,1.4441040558911367,26.266175500117242,0.01,37
2,0.11411991990618475,0.09966602722790181,0.014453892766084239,0.9764445735701814,0.843132363159928,25.418339600088075,0.01,37
3,0.08938893234352625,0.07844657412527872,0.010942358132466265,0.9791626830171813,0.6427319145254798,25.80294660013169,0.01,37
4,0.07572591102746802,0.06646087621862981,0.009265034953673383,0.9808893275104983,0.5546381310298822,25.55986399995163,0.01,37
5,0.06594239411299647,0.057763354689477,0.008179039417640867,0.9823819474609193,0.5027398441864568,25.78272830019705,0.01,37
6,0.0599710419408172,0.052606980087008814,0.007364061741566651,0.9833454436277685,0.4645870841889911,25.55475220014341,0.01,37
7,0.05705555737780636,0.05020882215600723,0.0068467351776188646,0.9839305049850081,0.43437016635969766,25.704290800029412,0.01,37
8,0.052099081765326044,0.045881121620320105,0.006217960147436371,0.9848631784071833,0.411901938239055,25.559792699990794,0.01,37
9,0.05063133271589696,0.044556336376904766,0.006074996421272921,0.9854225541438612,0.3972964770053403,25.750974900089204,0.01,37
10,0.048710210426189046,0.043102724937158186,0.00560748551575022,0.9855047481296587,0.3766161896151396,25.473622099962085,0.01,37
