seed,client_id,class,count,is_seen_attack,is_unseen_attack
62,1,BENIGN,293308,False,False
62,1,DDoS,0,False,True
62,1,DoS GoldenEye,0,False,True
62,1,DoS Hulk,120950,True,False
62,1,FTP-Patator,0,False,True
62,1,PortScan,0,False,True
62,2,BENIGN,293308,False,False
62,2,DDoS,89572,True,False
62,2,DoS GoldenEye,0,False,True
62,2,DoS Hulk,0,False,True
62,2,FTP-Patator,0,False,True
62,2,PortScan,0,False,True
62,3,BENIGN,293308,False,False
62,3,DDoS,0,False,True
62,3,DoS GoldenEye,0,False,True
62,3,DoS Hulk,0,False,True
62,3,FTP-Patator,0,False,True
62,3,PortScan,63482,True,False
62,4,BENIGN,293308,False,False
62,4,DDoS,0,False,True
62,4,DoS GoldenEye,7242,True,False
62,4,DoS Hulk,0,False,True
62,4,FTP-Patator,0,False,True
62,4,PortScan,0,False,True
62,5,BENIGN,293307,False,False
62,5,DDoS,0,False,True
62,5,DoS GoldenEye,0,False,True
62,5,DoS Hulk,0,False,True
62,5,FTP-Patator,4168,True,False
62,5,PortScan,0,False,True
