epoch,lambda,combined_loss,ce_loss,anchor_loss,training_accuracy,samples,training_seconds,seed,client_id,selected_lambda,selected_epochs
1,10.0,0.15099085820981117,0.08710518781850247,0.06388566959538444,0.9790782555798561,414258,6.1779905000003055,42,1,10.0,3
2,10.0,0.1439863149280852,0.08048108195550382,0.06350523341002139,0.9799883164597908,414258,6.148116900003515,42,1,10.0,3
3,10.0,0.143653553425142,0.079997331050192,0.06365622248171111,0.980270749146667,414258,6.326387199995224,42,1,10.0,3
1,10.0,0.13652127078336201,0.07795865583746094,0.058562615278110415,0.9873302340158796,382880,6.361521799990442,42,2,10.0,1
1,10.0,0.29822266060623936,0.16829513167941706,0.12992752962712967,0.9714594018890664,356790,5.596470100004808,42,3,10.0,5
2,10.0,0.26303830168122866,0.13245781411447446,0.13058048817284082,0.9754141091398302,356790,5.6667718999960925,42,3,10.0,5
3,10.0,0.2618221660737396,0.13137241016756296,0.13044975637034747,0.9753608565262479,356790,5.45201820001239,42,3,10.0,5
4,10.0,0.262093591003956,0.13182134710379875,0.13027224498402995,0.9752039014546372,356790,5.459936799990828,42,3,10.0,5
5,10.0,0.2636229518902984,0.13247451444075992,0.1311484367358664,0.9751534516101908,356790,5.358137300005183,42,3,10.0,5
1,10.0,0.2035000519642634,0.115343262668215,0.08815678900221464,0.9952154383630012,300550,4.611165200010873,42,4,10.0,1
1,10.0,0.1649655123307571,0.08687558984048167,0.0780899231426004,0.9953643163291033,297475,4.703648800001247,42,5,10.0,2
2,10.0,0.12599532150913662,0.05470566498043808,0.0712896563467263,0.9960668963778468,297475,4.353439500002423,42,5,10.0,2
