round,weighted_local_loss,weighted_local_accuracy,global_update_norm,malicious_update_mean_norm_ratio,malicious_update_mean_abs_cosine
1,0.14562022666183308,0.9777573941766703,2.3025178078456645,5.000000000110118,0.0036213928814797162
2,0.0934916703455422,0.9838374659594179,1.907208034002501,5.000000000120674,0.0032126049024289944
3,0.07887178559681769,0.9855104560453392,1.8116231984690776,5.000000001045532,0.001795369428441624
4,0.07248151381470985,0.9864499789663307,1.7778521358272068,4.999999999473407,0.0017464870971985896
5,0.06974685022310205,0.986896908764105,1.8242408892579225,4.99999999807867,0.0031396371247950044
6,0.06779830924021947,0.9875595977745978,1.8203281442014474,5.000000001033666,9.157199964694388e-05
7,0.06542204682950777,0.9878130292308069,1.7604459236062813,5.000000003387614,0.0033059847809607207
8,0.06616001841770784,0.9879346078347992,1.8009950643150037,5.000000000047644,0.0006802199818424473
9,0.06397742294652292,0.9884397583725134,1.7873945184607312,5.000000000596923,0.0029935193947228035
10,0.06501931353345632,0.9883495733047634,1.788300681377087,5.000000001356158,0.0015357789569318595
