seed,scenario,experiment_id,attack_type,magnitude,malicious_clients,malicious_ratio,aggregator,aggregator_display,trim_count,accuracy,balanced_accuracy,macro_precision,macro_recall,macro_f1,weighted_f1,worst_class_recall,worst_attack_recall,benign_false_positive_rate,target_attack_mean_recall,target_attack_worst_recall,macro_f1_drop_vs_own_clean,balanced_accuracy_drop_vs_own_clean,weighted_f1_drop_vs_own_clean,clean_macro_f1_cost_vs_fedavg,macro_f1_recovery_vs_fedavg,balanced_accuracy_recovery_vs_fedavg,weighted_f1_recovery_vs_fedavg,worst_attack_recall_recovery_vs_fedavg,macro_f1_damage_recovery_fraction,macro_f1_damage_recovery_pct,attack_audit_pass,max_aggregation_audit_error,validation_poisoned,locked_test_used
52,non_iid,E0_CLEAN,NONE,1.0,,0.0,fedavg,FedAvg,,0.9543471428343127,0.6007641309177209,0.9576524443072412,0.6007641309177209,0.6677852790109736,0.948182746344011,0.004540295119182747,0.004540295119182747,4.4549241230959175e-05,,,0.0,0.0,0.0,0.0,0.0,0.0,0.0,0.0,,,True,0.0,False,False
52,non_iid,E0_CLEAN,NONE,1.0,,0.0,coordinate_median,Coordinate Median,,0.9456347451803474,0.6871666807219539,0.8480839070459929,0.6871666807219539,0.7414352627352562,0.9394024133652508,0.3835354649026093,0.3835354649026093,0.0005027700081779679,,,0.0,0.0,0.0,0.07364998372428255,0.07364998372428255,0.08640254980423301,-0.008780332978760241,0.37899516978342657,,,True,0.0,False,False
52,non_iid,E0_CLEAN,NONE,1.0,,0.0,trimmed_mean,Trimmed Mean,1.0,0.949057377704146,0.7006766873852913,0.8938830682965313,0.7006766873852913,0.7704858554731824,0.9433228462564831,0.40308710033076073,0.40308710033076073,0.00046776703292507137,,,0.0,0.0,0.0,0.10270057646220876,0.10270057646220876,0.09991255646757047,-0.004859900087527902,0.398546805211578,,,True,0.0,False,False
52,non_iid,E_SCALE_C1,SCALE,5.0,1,0.2,fedavg,FedAvg,,0.8812333196605601,0.33476119466890136,0.5037286533475647,0.33476119466890136,0.27929716985358,0.8489678390099804,0.0,0.0,0.02944386636500466,0.9974457215836526,0.9974457215836526,0.3884881091573936,0.2660029362488195,0.0992149073340306,,0.0,0.0,0.0,0.0,,,True,0.0,False,False
52,non_iid,E_SCALE_C1,SCALE,5.0,1,0.2,coordinate_median,Coordinate Median,,0.9456773616164414,0.7035784673309221,0.8719455021645729,0.7035784673309221,0.7599840057733224,0.9393689317181297,0.4136714443219405,0.4136714443219405,0.000868710204003704,0.8554897635357406,0.8554897635357406,-0.018548743038066196,-0.01641178660896825,3.3481647121025304e-05,,0.4806868359197424,0.36881727266202075,0.09040109270814933,0.4136714443219405,1.2373270238883811,123.7327023888381,True,0.0,False,False
52,non_iid,E_SCALE_C1,SCALE,5.0,1,0.2,trimmed_mean,Trimmed Mean,1.0,0.9427554722167472,0.6770385875551194,0.9073808902025814,0.6770385875551194,0.755461270780296,0.9349406065399481,0.40786475560455715,0.40786475560455715,0.00047731329890313406,0.8732536088857928,0.8732536088857928,0.015024584692886367,0.023638099830171955,0.008382239716534956,,0.476164100926716,0.342277392886218,0.08597276752996774,0.40786475560455715,1.2256851360508463,122.56851360508463,True,0.0,False,False
52,non_iid,E_SCALE_C1_C2,SCALE,5.0,1+2,0.4,fedavg,FedAvg,,0.8377246019358516,0.5909133842868174,0.5450843138210019,0.5909133842868174,0.5373064478997204,0.8591380585176699,0.0,0.0,0.125495212547612,0.7405087815683387,0.5499438832772167,0.13047883111125325,0.009850746630903462,0.08904468782634112,,0.0,0.0,0.0,0.0,,,True,0.0,False,False
52,non_iid,E_SCALE_C1_C2,SCALE,5.0,1+2,0.4,coordinate_median,Coordinate Median,,0.9513746464167567,0.7348879572534006,0.9130085499472077,0.7348879572534006,0.7963437607226358,0.9459500158024351,0.40308710033076073,0.40308710033076073,5.0913418549667634e-05,0.7890104116994159,0.7766353208639041,-0.05490849798737962,-0.047721276531446755,-0.00654760243718433,,0.2590373128229154,0.14397457296658323,0.0868119572847652,0.40308710033076073,1.9852822915162869,198.5282291516287,True,0.0,False,False
52,non_iid,E_SCALE_C1_C2,SCALE,5.0,1+2,0.4,trimmed_mean,Trimmed Mean,1.0,0.9621725859120717,0.7083497436613074,0.9049862282302045,0.7083497436613074,0.7608889615094218,0.9573466818142811,0.3184840425531915,0.3184840425531915,0.0029529782758807225,0.9135763126060656,0.8826966987886529,0.009596893963760622,-0.00767305627601611,-0.014023835557797959,,0.22358251360970138,0.11743635937449004,0.09820862329661117,0.3184840425531915,1.7135539282924979,171.35539282924978,True,0.0,False,False
52,non_iid,E_RANDOM_C1,RANDOM,5.0,1,0.2,fedavg,FedAvg,,0.8951981930631097,0.43384056466949267,0.6076429019315076,0.43384056466949267,0.4795602268313288,0.8578004666677299,0.0,0.0,1.9092531956125362e-05,0.0,0.0,0.1882250521796448,0.16692356624822818,0.0903822796762811,,0.0,0.0,0.0,0.0,,,True,0.0,False,False
52,non_iid,E_RANDOM_C1,RANDOM,5.0,1,0.2,coordinate_median,Coordinate Median,,0.8964793496731852,0.5859602557906669,0.7561978261048421,0.5859602557906669,0.6424685014430932,0.8601241647820215,0.0,0.0,3.5002975252896494e-05,0.0,0.0,0.09896676129216297,0.10120642493128695,0.0792782485832293,,0.16290827461176438,0.15211969112117424,0.0023236981142915614,0.0,0.8654973008390099,86.54973008390098,True,0.0,False,False
52,non_iid,E_RANDOM_C1,RANDOM,5.0,1,0.2,trimmed_mean,Trimmed Mean,1.0,0.9007170215372814,0.6241897240123483,0.7621136478839065,0.6241897240123483,0.6667545571587269,0.8651121926867534,0.0,0.0,5.4095507209021856e-05,0.0,0.0,0.10373129831445549,0.07648696337294303,0.07821065356972967,,0.18719433032739807,0.19034915934285562,0.007311726019023523,0.0,0.9945239922087364,99.45239922087364,True,0.0,False,False
52,non_iid,E_RANDOM_C1_C2,RANDOM,5.0,1+2,0.4,fedavg,FedAvg,,0.8530318930753619,0.4017071994912098,0.4952656387146311,0.4017071994912098,0.4059034882591808,0.7961460215465392,0.0,0.0,2.8638797934188043e-05,0.0,0.0,0.2618817907517928,0.19905693142651104,0.15203672479747177,,0.0,0.0,0.0,0.0,,,True,0.0,False,False
52,non_iid,E_RANDOM_C1_C2,RANDOM,5.0,1+2,0.4,coordinate_median,Coordinate Median,,0.8585933379856276,0.493084928224165,0.5003800473512551,0.493084928224165,0.43492766367865493,0.8064973640380327,0.0,0.0,0.00012410145771481486,0.0,0.0,0.30650759905660124,0.19408175249778886,0.13290504932721803,,0.029024175419474108,0.09137772873295519,0.010351342491493498,0.0,0.11082929949483482,11.082929949483482,True,0.0,False,False
52,non_iid,E_RANDOM_C1_C2,RANDOM,5.0,1+2,0.4,trimmed_mean,Trimmed Mean,1.0,0.8586519355852569,0.48971116136918,0.5022683866936788,0.48971116136918,0.44112138149339747,0.805149269570772,0.0,0.0,0.0003659401958257361,0.0,0.0,0.3293644739797849,0.2109655260161113,0.13817357668571106,,0.035217893234216646,0.08800396187797022,0.009003248024232802,0.0,0.13448011460863873,13.448011460863874,True,0.0,False,False
