round,weighted_local_loss,weighted_local_accuracy,sample_weighted_local_loss,sample_weighted_local_accuracy,equal_client_local_loss,equal_client_local_accuracy,global_update_norm,mean_client_update_norm,median_client_update_norm,max_client_update_norm,min_client_update_norm,trim_count,retained_client_values,round_training_seconds,feature_count,client_1_update_norm,client_2_update_norm,client_3_update_norm,client_4_update_norm,client_5_update_norm
1,0.1310101199589247,0.9711950035189301,0.1310101199589247,0.9711950035189301,0.13251506973741592,0.972520834980289,2.6318091593744235,4.061939472871357,3.959201482286573,4.534942211541757,3.912352300220182,1,3,29.578422999940813,37,4.534942211541757,3.920476597748297,3.912352300220182,3.982724772559979,3.959201482286573
2,0.14582247457952363,0.9721790481822287,0.14582247457952363,0.9721790481822287,0.14343515322608683,0.9739718777699384,2.2437184997535025,4.1073104183442,4.148249254080139,4.395685161103562,3.84858156828571,1,3,28.801318699959666,37,4.395685161103562,3.84858156828571,4.1716560927030795,3.972380015548512,4.148249254080139
3,0.07746177416227884,0.9810953832665602,0.07746177416227884,0.9810953832665602,0.07666466392782542,0.982176056978617,1.6607769856799486,3.6400698648295013,3.6168338953420673,3.942111106133198,3.3900790530648663,1,3,42.882140500005335,37,3.942111106133198,3.677967154311811,3.6168338953420673,3.3900790530648663,3.5733581152955636
4,0.07151375988260605,0.9815856932235054,0.07151375988260605,0.9815856932235054,0.07055718243162643,0.982648574792415,1.4586607823222226,3.3815964705217274,3.4298175479141446,3.47931208196766,3.1080092249507647,1,3,28.526012500049546,37,3.4298175479141446,3.46682646823857,3.424017029537497,3.1080092249507647,3.47931208196766
5,0.06467322734155338,0.9831411002464108,0.06467322734155338,0.9831411002464108,0.06374143325440258,0.9841215433415659,1.415997623789577,3.309026888364518,3.3911273683436285,3.485546152381427,2.993559216585421,1,3,29.723486399976537,37,3.2688059717091718,3.485546152381427,3.4060957328029406,2.993559216585421,3.3911273683436285
6,0.059990427816003424,0.9841982062304183,0.059990427816003424,0.9841982062304183,0.05895571929676802,0.9851050388402012,1.3451448059715452,3.1773695303382614,3.178665130268899,3.4458872385796817,2.8897130991899367,1,3,29.82388410018757,37,3.2192876792416976,3.4458872385796817,3.1532945044110923,2.8897130991899367,3.178665130268899
7,0.05752655779346701,0.9847415998031911,0.05752655779346701,0.9847415998031911,0.05656227593075016,0.9856261888614496,1.3386592595279179,3.217857785630849,3.1216744001101295,3.5632126649434888,2.9135353468663037,1,3,29.82363440003246,37,3.096644554073461,3.5632126649434888,3.1216744001101295,2.9135353468663037,3.394221962160859
8,0.05751127459561711,0.984784409170794,0.05751127459561711,0.984784409170794,0.056661327362985,0.9856834438076667,1.3175874588952705,3.193542129382135,3.2365839019638525,3.4362656934896485,2.886149119437584,1,3,29.966540500056,37,3.0097040711804603,3.3990078608391294,3.2365839019638525,2.886149119437584,3.4362656934896485
9,0.05398728297865668,0.9857233613002175,0.05398728297865668,0.9857233613002175,0.05303574248254346,0.9865585266129789,1.3303453831660137,3.205563122043972,3.212917478968667,3.4505595134521463,2.8931737567101234,1,3,30.52318589994684,37,3.0373410640268084,3.4505595134521463,3.212917478968667,2.8931737567101234,3.433823797062115
10,0.051409349215456764,0.9859545318852732,0.051409349215456764,0.9859545318852732,0.050557226321595726,0.986776478229056,1.3320424798785033,3.206156283883621,3.2782979695681473,3.5203209918723424,2.8839014339650415,1,3,29.832542199874297,37,3.005911200281924,3.34234982373065,3.2782979695681473,2.8839014339650415,3.5203209918723424
