method,class,n,mean_recall,std_recall,median_recall,min_recall,max_recall
FedProx70,BENIGN,10,0.999807801844975,0.0002211657176626579,0.9999379492711427,0.9994622270165692,0.9999618149360877
FedProx70,DDoS,10,0.7960708298407376,0.020874055609640816,0.8035938809723386,0.7567057837384744,0.813443000838223
FedProx70,DoS GoldenEye,10,0.5187662337662338,0.041718722752670225,0.513961038961039,0.4603896103896104,0.587012987012987
FedProx70,DoS Hulk,10,0.8406455079249338,0.017259737211198747,0.8356295813025291,0.8132171777257551,0.8695935832981541
FedProx70,FTP-Patator,10,0.19773242630385487,0.31499882559274855,0.003401360544217687,0.0,0.6541950113378685
FedProx70,PortScan,10,0.42548688175203936,0.008927216187419684,0.42753729697949583,0.41214080987726903,0.43426177702653046
FedProx37,BENIGN,10,0.9998065290095111,0.0003108610914666228,0.9999236298721754,0.9989626390970505,0.9999618149360877
FedProx37,DDoS,10,0.6969038139145013,0.06718842449283462,0.7252724224643755,0.5272946353730092,0.7455469404861693
FedProx37,DoS GoldenEye,10,0.554025974025974,0.01724498417533809,0.55487012987013,0.5344155844155845,0.5850649350649351
FedProx37,DoS Hulk,10,0.8073339217868518,0.018139909234552488,0.8038914687032275,0.7851249184480178,0.8433050619795065
FedProx37,FTP-Patator,10,0.008503401360544217,0.023359861426345257,0.0,0.0,0.07482993197278912
FedProx37,PortScan,10,0.019556110825310502,0.0618418523826564,0.0,0.0,0.19556110825310502
FedProx17,BENIGN,10,0.9998934000299118,5.2249383308029286e-05,0.99990135525156,0.9997613433505484,0.9999522686701097
FedProx17,DDoS,10,0.48730616093880974,0.05314621630461705,0.506993922883487,0.3818105616093881,0.5477263202011735
FedProx17,DoS GoldenEye,10,0.524155844155844,0.05854552240617519,0.5402597402597402,0.39675324675324675,0.5798701298701299
FedProx17,DoS Hulk,10,0.8001611850942165,0.03309843228890594,0.810012664543117,0.717849330314311,0.8381241125225467
FedProx17,FTP-Patator,10,0.0,0.0,0.0,0.0,0.0
FedProx17,PortScan,10,8.084074373484237e-05,0.0001222407579419872,3.674579260674653e-05,0.0,0.0003674579260674653
