seed,client_id,class,count,is_benign,is_seen_attack,is_unseen_attack
72,1,BENIGN,293308,True,False,False
72,1,DDoS,0,False,False,True
72,1,DoS GoldenEye,0,False,False,True
72,1,DoS Hulk,120950,False,True,False
72,1,FTP-Patator,0,False,False,True
72,1,PortScan,0,False,False,True
72,2,BENIGN,293308,True,False,False
72,2,DDoS,89572,False,True,False
72,2,DoS GoldenEye,0,False,False,True
72,2,DoS Hulk,0,False,False,True
72,2,FTP-Patator,0,False,False,True
72,2,PortScan,0,False,False,True
72,3,BENIGN,293308,True,False,False
72,3,DDoS,0,False,False,True
72,3,DoS GoldenEye,0,False,False,True
72,3,DoS Hulk,0,False,False,True
72,3,FTP-Patator,0,False,False,True
72,3,PortScan,63482,False,True,False
72,4,BENIGN,293308,True,False,False
72,4,DDoS,0,False,False,True
72,4,DoS GoldenEye,7242,False,True,False
72,4,DoS Hulk,0,False,False,True
72,4,FTP-Patator,0,False,False,True
72,4,PortScan,0,False,False,True
72,5,BENIGN,293307,True,False,False
72,5,DDoS,0,False,False,True
72,5,DoS GoldenEye,0,False,False,True
72,5,DoS Hulk,0,False,False,True
72,5,FTP-Patator,4168,False,True,False
72,5,PortScan,0,False,False,True
