round,weighted_local_loss,weighted_ce_loss,weighted_prox_loss,weighted_local_accuracy,global_update_norm,mean_client_training_seconds,malicious_honest_update_norm,malicious_routed_update_norm,server_aggregation_mode,trim_count,values_retained,max_trimmed_mean_envelope_violation
1,0.15618908089893535,0.13138113279625624,0.024807948078032417,0.9752042434928334,1.3238465531927461,6.4635056399914905,2.055604498742703,10.278022493773664,coordinate_wise_trimmed_mean,1,3,0.0
2,0.12196707059797242,0.10399566818103147,0.0179714025088036,0.9789315124321257,0.8666796748214335,6.465970760007622,2.1543959454754007,10.771979722284016,coordinate_wise_trimmed_mean,1,3,0.0
3,0.13329861896828732,0.1171030550471782,0.016195564334678995,0.977119249203603,0.7024862446188276,6.449223000003258,2.2810168501291788,11.405084245675024,coordinate_wise_trimmed_mean,1,3,0.0
4,0.1431850417712524,0.12758008329126716,0.015604958768193464,0.9771609169880698,0.6234753225915267,6.579641660000197,2.4149758812956517,12.074879403728808,coordinate_wise_trimmed_mean,1,3,0.0
5,0.15395409099654253,0.1387221575692124,0.015231933823782493,0.9768407029184002,0.573854236416679,6.488615559990285,2.485593247842217,12.427966248883237,coordinate_wise_trimmed_mean,1,3,0.0
6,0.1543030003077913,0.1392533162066794,0.015049683752691393,0.9762505044370483,0.5373331395222005,6.5709047600044865,2.5722820504724866,12.861410257706464,coordinate_wise_trimmed_mean,1,3,0.0
7,0.1618885984038296,0.14721766551820867,0.014670933028021676,0.976424025073732,0.5188090102655107,6.512931099999696,2.5769812008530124,12.88490599106319,coordinate_wise_trimmed_mean,1,3,0.0
8,0.16374589287324026,0.1488113509293503,0.014934542510221563,0.9772191377280098,0.4824220019916607,6.5660701999964655,2.6598580330881347,13.299290168395432,coordinate_wise_trimmed_mean,1,3,0.0
9,0.17294425664223328,0.15852999150076613,0.014414264734061991,0.9763452558373427,0.45091707060038705,6.4802562800061425,2.667155740017863,13.335778702736034,coordinate_wise_trimmed_mean,1,3,0.0
10,0.17973225761456804,0.16482817504074138,0.014904081730690017,0.9764485691111576,0.4445252375692914,6.484736999997404,2.688809795996243,13.444048979516168,coordinate_wise_trimmed_mean,1,3,0.0
