client_id,policy,severity,count,rate
1,adaptive_gate,NORMAL,41361,0.82722
1,adaptive_gate,LOW,1080,0.0216
1,adaptive_gate,MEDIUM,967,0.01934
1,adaptive_gate,HIGH,6043,0.12086
1,adaptive_gate,CRITICAL,549,0.01098
1,always_run_all,NORMAL,41361,0.82722
1,always_run_all,LOW,1517,0.03034
1,always_run_all,MEDIUM,1075,0.0215
1,always_run_all,HIGH,2643,0.05286
1,always_run_all,CRITICAL,3404,0.06808
2,adaptive_gate,NORMAL,42035,0.8407
2,adaptive_gate,LOW,570,0.0114
2,adaptive_gate,MEDIUM,614,0.01228
2,adaptive_gate,HIGH,6330,0.1266
2,adaptive_gate,CRITICAL,451,0.00902
2,always_run_all,NORMAL,42035,0.8407
2,always_run_all,LOW,576,0.01152
2,always_run_all,MEDIUM,1057,0.02114
2,always_run_all,HIGH,4434,0.08868
2,always_run_all,CRITICAL,1898,0.03796
3,adaptive_gate,NORMAL,40531,0.81062
3,adaptive_gate,LOW,795,0.0159
3,adaptive_gate,MEDIUM,663,0.01326
3,adaptive_gate,HIGH,5612,0.11224
3,adaptive_gate,CRITICAL,2399,0.04798
3,always_run_all,NORMAL,40532,0.81064
3,always_run_all,LOW,2266,0.04532
3,always_run_all,MEDIUM,910,0.0182
3,always_run_all,HIGH,2397,0.04794
3,always_run_all,CRITICAL,3895,0.0779
4,adaptive_gate,NORMAL,41993,0.83986
4,adaptive_gate,LOW,964,0.01928
4,adaptive_gate,MEDIUM,1073,0.02146
4,adaptive_gate,HIGH,4228,0.08456
4,adaptive_gate,CRITICAL,1742,0.03484
4,always_run_all,NORMAL,41993,0.83986
4,always_run_all,LOW,1023,0.02046
4,always_run_all,MEDIUM,1117,0.02234
4,always_run_all,HIGH,4007,0.08014
4,always_run_all,CRITICAL,1860,0.0372
5,adaptive_gate,NORMAL,41963,0.83926
5,adaptive_gate,LOW,963,0.01926
5,adaptive_gate,MEDIUM,1032,0.02064
5,adaptive_gate,HIGH,6042,0.12084
5,adaptive_gate,CRITICAL,0,0.0
5,always_run_all,NORMAL,41963,0.83926
5,always_run_all,LOW,1061,0.02122
5,always_run_all,MEDIUM,1073,0.02146
5,always_run_all,HIGH,5903,0.11806
5,always_run_all,CRITICAL,0,0.0
