seed,client_id,selected_lambda,selected_epochs,class,precision,recall,f1_score,support
82,1,10.0,2,BENIGN,0.9623777791617363,0.9834499568826987,0.9727997683345425,314259
82,1,10.0,2,DDoS,1.0,0.10493503772003353,0.18993883647053245,19088
82,1,10.0,2,DoS GoldenEye,0.9776470588235294,0.5396103896103897,0.695397489539749,1540
82,1,10.0,2,DoS Hulk,0.5744062797968823,0.9941282572821123,0.7281108581386851,26057
82,1,10.0,2,FTP-Patator,0.018867924528301886,0.003401360544217687,0.005763688760806916,882
82,1,10.0,2,PortScan,0.9676584734799483,0.4397736459175424,0.6047193168611995,13607
82,2,10.0,5,BENIGN,0.9627161143529339,0.9896009342612304,0.9759734125850863,314259
82,2,10.0,5,DDoS,0.6987810251138199,0.9970662196144174,0.8216907002849495,19088
82,2,10.0,5,DoS GoldenEye,0.9716713881019831,0.44545454545454544,0.6108637577916296,1540
82,2,10.0,5,DoS Hulk,0.9984673490612513,0.7000422151437233,0.8230383973288815,26057
82,2,10.0,5,FTP-Patator,0.013986013986013986,0.0022675736961451248,0.003902439024390244,882
82,2,10.0,5,PortScan,0.971211118464593,0.43139560520320425,0.5974250674265941,13607
82,3,2.0,3,BENIGN,0.9784708620558085,0.9792336894090543,0.9788521271130776,314259
82,3,2.0,3,DDoS,0.883400576368876,0.8029652137468567,0.8412646138646468,19088
82,3,2.0,3,DoS GoldenEye,0.9703849950641659,0.6383116883116883,0.7700744222483353,1540
82,3,2.0,3,DoS Hulk,0.9716176135067306,0.8171700502743985,0.8877261736012674,26057
82,3,2.0,3,FTP-Patator,0.0,0.0,0.0,882
82,3,2.0,3,PortScan,0.6563846787080528,0.9961784375688983,0.7913480063050966,13607
82,4,10.0,5,BENIGN,0.9590688171187898,0.9977661737611333,0.9780348659852339,314259
82,4,10.0,5,DDoS,0.9263157894736842,0.7099748533109808,0.8038436443442671,19088
82,4,10.0,5,DoS GoldenEye,0.33765938069216755,0.962987012987013,0.5,1540
82,4,10.0,5,DoS Hulk,0.9656587280349657,0.8309475380895729,0.8932527486128015,26057
82,4,10.0,5,FTP-Patator,0.7672872340425532,0.6541950113378685,0.7062423500611995,882
82,4,10.0,5,PortScan,0.9417275325500158,0.4358785919012273,0.5959306706857573,13607
82,5,10.0,5,BENIGN,0.9566197492852431,0.9965728905138755,0.9761876931564749,314259
82,5,10.0,5,DDoS,0.8980773685429696,0.8124476110645432,0.8531191550225548,19088
82,5,10.0,5,DoS GoldenEye,0.9647727272727272,0.5512987012987013,0.7016528925619835,1540
82,5,10.0,5,DoS Hulk,0.9722020678396517,0.822773151168592,0.8912677461597622,26057
82,5,10.0,5,FTP-Patator,0.3588792748248867,0.9875283446712018,0.5264430341492898,882
82,5,10.0,5,PortScan,0.9952047215049797,0.39656059381200853,0.5671343738504389,13607
