seed,client_id,seen_attacks,unseen_attacks,selected_lambda,selected_epochs,selection_status,validation_selection_score,validation_knowledge_preservation_ratio,local_only_seen_recall,local_only_unseen_recall,global_seen_recall,global_unseen_recall,personalized_seen_recall,personalized_unseen_recall,personalization_gain,global_knowledge_loss,global_knowledge_preservation_ratio,local_recovery_ratio,global_utility_score,personalized_utility_score,personalized_harmonic_balance,global_macro_f1,personalized_macro_f1,personalized_balanced_accuracy,personalized_accuracy,personalized_weighted_f1,personalization_training_seconds,personalized_test_inference_seconds
102,1,DoS Hulk,DDoS | DoS GoldenEye | FTP-Patator | PortScan,10.0,1,feasible_candidate,0.6717015409726528,0.7850538308270051,0.9999616225966153,0.0,0.8293356871474076,0.6229444606303706,0.9912499520282456,0.4845710842846933,0.1619142648808381,0.1383733763456772,0.7778720494509986,0.9912879950875036,0.726140073888889,0.7379105181564696,0.6509340255123263,0.7967102168881232,0.6976721046264528,0.6529966875408173,0.92698830417145,0.9149106264028768,6.711545500002103,3.2022627999976976
102,2,DDoS,DoS GoldenEye | DoS Hulk | FTP-Patator | PortScan,10.0,3,feasible_candidate,0.7225294070352176,0.8787221809545106,0.9995284995808884,0.0,0.8205678960603521,0.6251364084021345,0.9979044425817268,0.5375017400951139,0.1773365465213746,0.0876346683070206,0.8598151265401144,0.9983751768960638,0.7228521522312432,0.7677030913384203,0.6986755431728185,0.7967102168881232,0.7477942954245177,0.6899083715361599,0.9413077699616176,0.9365830352765702,18.93546740000602,3.196999099993264
102,3,PortScan,DDoS | DoS GoldenEye | DoS Hulk | FTP-Patator,2.0,5,feasible_candidate,0.7397242513170362,0.8303227296459454,0.9988976262217976,0.0,0.4301462482545748,0.7227418203535788,0.9963254207393254,0.5977806580697639,0.5661791724847505,0.1249611622838149,0.8271012431207017,0.9974249558563862,0.5764440343040769,0.7970530394045446,0.7472326635955518,0.7967102168881232,0.7199361727358967,0.7277670317018252,0.9579285784680622,0.9577812875508172,33.97446209999907,3.144210899990867
102,4,DoS GoldenEye,DDoS | DoS Hulk | FTP-Patator | PortScan,10.0,3,feasible_candidate,0.7976088644934145,0.999341469455204,1.0,0.0,0.5948051948051948,0.6815770837159237,0.961038961038961,0.6825518620096968,0.3662337662337662,-0.000974778293773,1.0014301805578008,0.961038961038961,0.6381911392605593,0.8217954115243289,0.7982022327239385,0.7967102168881232,0.7934217815730172,0.7817041597696827,0.9562052350219612,0.9520140708914274,14.657381500001064,3.219153300000471
102,5,FTP-Patator,DDoS | DoS GoldenEye | DoS Hulk | PortScan,10.0,1,feasible_candidate,0.7992105889621534,1.0272833689035803,0.9965986394557824,0.0,0.6462585034013606,0.6687137565668824,0.9954648526077098,0.6861447304752828,0.3492063492063492,-0.0174309739084004,1.026066420403686,0.9988623435722412,0.6574861299841215,0.8408047915414962,0.812356173348977,0.7967102168881232,0.7843810291355738,0.7894483088436468,0.9543247397005592,0.950203468139602,4.741834000000381,3.2042126000014832
112,1,DoS Hulk,DDoS | DoS GoldenEye | FTP-Patator | PortScan,10.0,5,feasible_candidate,0.643018279956823,0.9594553814408524,0.9997313581763058,0.0,0.8490616724872395,0.4762423792689484,0.9930153125839506,0.4434568896653175,0.143953640096711,0.0327854896036309,0.9311579753696888,0.9932821497120922,0.6626520258780939,0.7182361011246341,0.6131124308830823,0.7133162804527001,0.6722255961858546,0.6250970663659868,0.9220979508993616,0.9104394339469788,34.42359609999403,3.2530460999987554
112,2,DDoS,DoS GoldenEye | DoS Hulk | FTP-Patator | PortScan,10.0,2,feasible_candidate,0.6600854339648087,0.9774350648239296,0.999685666387259,0.0,0.8046940486169321,0.4873342852365253,0.9979568315171836,0.4543848248101367,0.1932627829002515,0.0329494604263885,0.932388380164148,0.9982706215281418,0.6460141669267286,0.7261708281636602,0.62444871436617,0.7133162804527001,0.6897251846576479,0.6343382361660252,0.9414276315614236,0.936268272641294,12.417500499999733,3.250057100012782
112,3,PortScan,DDoS | DoS GoldenEye | DoS Hulk | FTP-Patator,10.0,2,feasible_candidate,0.7428957223584371,1.0312594372756736,0.999118100977438,0.0,0.4238994635114279,0.5825329315129013,0.9718527228632322,0.5679170480137608,0.5479532593518043,0.0146158834991405,0.974909772978531,0.9727105553512322,0.5032161975121646,0.7698848854384965,0.7169016302460121,0.7133162804527001,0.7162505855373823,0.7039785862411271,0.9581176934366452,0.9577419047163714,11.607577999995556,3.2227043000020785
112,4,DoS GoldenEye,DDoS | DoS Hulk | FTP-Patator | PortScan,10.0,1,feasible_candidate,0.7391465787732063,1.0954903740435062,1.0,0.0,0.4961038961038961,0.5644818233647843,0.9545454545454546,0.6072254446629751,0.4584415584415585,-0.0427436212981908,1.075721873635192,0.9545454545454546,0.5302928597343401,0.7808854496042148,0.7422654480002965,0.7133162804527001,0.6932071641038521,0.7303920991164229,0.941102673446394,0.9387998699546228,4.7800601000053575,3.216416700000991
112,5,FTP-Patator,DDoS | DoS GoldenEye | DoS Hulk | PortScan,10.0,2,feasible_candidate,0.7810168791390112,1.0241896547120142,0.9954648526077098,0.0,0.1802721088435374,0.643439770179874,0.9954648526077098,0.6570215370247275,0.8151927437641724,-0.0135817668448535,1.02110806243925,1.0,0.4118559395117057,0.8262431948162187,0.791585155094548,0.7133162804527001,0.775506363541786,0.7700116326188811,0.9540770257276264,0.9497489464261948,9.411719299998367,3.185171300006914
122,1,DoS Hulk,DDoS | DoS GoldenEye | FTP-Patator | PortScan,10.0,5,fallback_no_feasible_candidate,0.4268341475549143,0.5274209397671311,0.9996929807729208,0.0,0.8102237402617339,0.4347340781659879,0.9933990866177994,0.2141393059420723,0.1831753463560654,0.2205947722239156,0.4925753850387379,0.99370417290491,0.622478909213861,0.6037691962799359,0.3523296521957613,0.660175205329471,0.4818145195336974,0.4725844076306602,0.9115501301164256,0.8891600033863555,38.24977390001004,3.263922199999797
122,2,DDoS,DoS GoldenEye | DoS Hulk | FTP-Patator | PortScan,10.0,1,fallback_no_feasible_candidate,0.5074925558847105,0.6988784395604831,0.9928751047778708,0.0,0.7929589270746018,0.439050281462771,0.9979044425817268,0.2909104437569818,0.2049455155071249,0.1481398377057891,0.6625902682211341,1.0050654284508234,0.6160046042686864,0.6444074431693543,0.4504926615849483,0.660175205329471,0.5602344139982048,0.5257427540127688,0.9268178343406148,0.9182431620539732,6.318913499999326,3.220017400002689
122,3,PortScan,DDoS | DoS GoldenEye | DoS Hulk | FTP-Patator,10.0,5,feasible_candidate,0.8226161994604789,1.3662342657594837,0.9988976262217976,0.0,0.4238994635114279,0.5313151473535644,0.9746454031013448,0.7085267551152304,0.5507459395899169,-0.177211607761666,1.3335338897156273,0.975721012360212,0.4776073054324962,0.8415860791082876,0.8205486782517423,0.660175205329471,0.8364844692935746,0.798432040597222,0.95762226549078,0.9576238585616564,28.548241299999063,3.223710000005667
122,4,DoS GoldenEye,DDoS | DoS Hulk | FTP-Patator | PortScan,10.0,1,feasible_candidate,0.6092960898885136,0.8917548679332811,1.0,0.0,0.522077922077922,0.506770532711941,0.9590909090909092,0.4496506819503904,0.4370129870129871,0.0571198507615505,0.8872865585615677,0.9590909090909092,0.5144242273949315,0.7043707955206497,0.6122569022845074,0.660175205329471,0.5795708698408547,0.6261618837944662,0.9409774846643744,0.9374638359159636,4.946127300005173,3.1906786000035936
122,5,FTP-Patator,DDoS | DoS GoldenEye | DoS Hulk | PortScan,5.0,1,feasible_candidate,0.7751034517264753,1.0273822815634093,0.9954648526077098,0.0,0.0,0.6372900132314214,0.9954648526077098,0.6500974038428294,0.9954648526077098,-0.012807390611408,1.0200966441423855,1.0,0.3186450066157107,0.8227811282252696,0.7865385995093871,0.660175205329471,0.7719366645666564,0.7654162274072348,0.951112448825756,0.9466592073534342,4.715763800006243,3.167015900005936
132,1,DoS Hulk,DDoS | DoS GoldenEye | FTP-Patator | PortScan,10.0,5,fallback_no_feasible_candidate,0.3975357830641603,0.4749071021925381,0.9990789423187628,0.0,0.8379322255056223,0.4196902447282946,0.9932839544076448,0.1949046346033278,0.1553517289020225,0.2247856101249667,0.464401155498642,0.9941996696500596,0.6288112351169585,0.5940942945054863,0.3258668665591481,0.6534102795882931,0.466376660832778,0.4594843555217305,0.9093340223155664,0.886602566386418,34.110823700000765,3.249226300002192
132,2,DDoS,DoS GoldenEye | DoS Hulk | FTP-Patator | PortScan,10.0,3,feasible_candidate,0.5707826412569562,0.8540195352567325,0.9995808885163452,0.0,0.7642497904442582,0.4381108534936356,0.9981663872590107,0.3687404481639302,0.2339165968147526,0.0693704053297053,0.841660153414316,0.9985849056603776,0.6011803219689469,0.6834534177114706,0.5385360749420414,0.6534102795882931,0.6214763228194892,0.5772238762145362,0.9428606435768832,0.937281906842082,18.727277400001185,3.217556500007049
132,3,PortScan,DDoS | DoS GoldenEye | DoS Hulk | FTP-Patator,5.0,2,feasible_candidate,0.8165849363191691,1.3529035486875631,0.999118100977438,0.0,0.4189020357169104,0.5244477921754727,0.991034026603954,0.6950238658969295,0.5721319908870435,-0.1705760737214569,1.3252489118390351,0.9919087899963224,0.4716749139461915,0.8430289462504417,0.817044661952875,0.6534102795882931,0.8237309799463941,0.7917956115062972,0.9561945806575342,0.9563658570851532,11.357882600001176,3.2196426000009524
132,4,DoS GoldenEye,DDoS | DoS Hulk | FTP-Patator | PortScan,10.0,2,feasible_candidate,0.7716162704530772,1.3063966092180523,1.0,0.0,0.4922077922077922,0.5061213530527522,0.9571428571428572,0.6393104332384025,0.464935064935065,-0.1331890801856503,1.2631564137381264,0.9571428571428572,0.4991645726302722,0.7982266451906299,0.7665885602264101,0.6534102795882931,0.7283631958435423,0.7522659053514912,0.9480786185551084,0.9450573600060196,9.58646979999321,3.1877800000074785
132,5,FTP-Patator,DDoS | DoS GoldenEye | DoS Hulk | PortScan,10.0,1,feasible_candidate,0.7703103608039354,1.025598531999343,0.9954648526077098,0.0,0.0034013605442176,0.6283229609686458,0.9954648526077098,0.6440068748184551,0.992063492063492,-0.0156839138498092,1.0249615481592944,1.0,0.3158621607564317,0.8197358637130825,0.7820643662162536,0.6534102795882931,0.7655995952393072,0.7613526926356592,0.9527425665831188,0.9482674035148944,4.65798299999733,3.2180327999958536
42,1,DoS Hulk,DDoS | DoS GoldenEye | FTP-Patator | PortScan,10.0,3,feasible_candidate,0.6384925946945029,0.7543107724648793,0.9997313581763058,0.0,0.8484476340330813,0.5927553411874352,0.99316882219749,0.4462141452630755,0.1447211881644088,0.1465411959243596,0.7527796280488988,0.9934357005758158,0.7206014876102582,0.7196914837302828,0.6157721567049596,0.783563528724974,0.6756509583250606,0.6271347758801268,0.923086143199985,0.9113194097804272,18.657963999998174,3.074345300003188
42,2,DDoS,DoS GoldenEye | DoS Hulk | FTP-Patator | PortScan,10.0,1,feasible_candidate,0.6851941739787688,0.8355660645498378,0.9994761106454316,0.0,0.8055322715842415,0.6034841817996451,0.997485331098072,0.5062189769033154,0.1919530595138306,0.0972652048963297,0.8388272504404739,0.9980081769577523,0.7045082266919434,0.7518521540006937,0.6716027893218818,0.783563528724974,0.7225716438585232,0.6689615998885129,0.9469652374724652,0.941935854305778,6.37755799999286,3.2212598000041908
42,3,PortScan,DDoS | DoS GoldenEye | DoS Hulk | FTP-Patator,10.0,5,feasible_candidate,0.819087024847776,1.0069840075908034,0.999118100977438,0.0,0.4171382376717866,0.7005826902777589,0.968545601528625,0.7097941449136396,0.5514073638568384,-0.0092114546358806,1.0131482760903336,0.9694005148951822,0.5588604639747727,0.8391698732211323,0.819223877053699,0.783563528724974,0.8364537362287353,0.7980847883096671,0.9597930922428236,0.9600595982866514,27.55272730000433,3.144610400006058
42,4,DoS GoldenEye,DDoS | DoS Hulk | FTP-Patator | PortScan,10.0,1,feasible_candidate,0.7493924844717108,0.9223634834824964,1.0,0.0,0.4941558441558442,0.6813282886567444,0.9571428571428572,0.6277630627601896,0.462987012987013,0.0535652258965548,0.9213811802792452,0.9571428571428572,0.5877420664062943,0.7924529599515233,0.7582266227332849,0.783563528724974,0.7106085803793537,0.744454163870499,0.9452365668441506,0.9428789074914924,4.611794500000542,3.056644399999641
42,5,FTP-Patator,DDoS | DoS GoldenEye | DoS Hulk | PortScan,10.0,2,feasible_candidate,0.7779154781822675,1.0158783575148878,0.9954648526077098,0.0,0.6541950113378685,0.6413184968612384,0.9954648526077098,0.6498075480858692,0.3412698412698413,-0.0084890512246307,1.013236872577632,1.0,0.6477567540995535,0.8226362003467895,0.7863264159855684,0.783563528724974,0.774682401244687,0.7652341275462357,0.9540743621365196,0.9495388421217515,9.072890600000392,3.133501400006935
52,1,DoS Hulk,DDoS | DoS GoldenEye | FTP-Patator | PortScan,10.0,3,feasible_candidate,0.5582573860905107,0.8042310500395614,0.9994627163526116,0.0,0.8480254825958475,0.4430482425015374,0.9930153125839506,0.3191167590276755,0.144989829988103,0.1239314834738618,0.7202754201797069,0.9935491302845294,0.6455368625486925,0.656066035805813,0.4830120916523701,0.6692009192953514,0.5972353240140529,0.5421362917309359,0.92069157479497,0.908838545945662,124.67697810000392,3.1378954999963757
52,2,DDoS,DoS GoldenEye | DoS Hulk | FTP-Patator | PortScan,10.0,3,feasible_candidate,0.5506271032527809,0.7769304882100678,0.9995808885163452,0.0,0.8165863369656329,0.450908028909091,0.9971186085498742,0.3533858107527943,0.1805322715842413,0.0975222181562966,0.7837203777625382,0.9975366876310272,0.633747182937362,0.6752522096513343,0.5218310475148835,0.6692009192953514,0.6168715222523934,0.5675489446654535,0.9468800025570476,0.94045868379445,19.74245980000705,3.268037900008494
52,3,PortScan,DDoS | DoS GoldenEye | DoS Hulk | FTP-Patator,2.0,5,feasible_candidate,0.8624900518732234,1.4157184446093374,0.999118100977438,0.0,0.4093481296391563,0.5527175807407103,0.9957374880576174,0.7629119568426769,0.5863893584184611,-0.2101943761019665,1.3802925461865714,0.9966164030893712,0.4810328551899333,0.8793247224501471,0.8639129733540695,0.6692009192953514,0.8560733064822429,0.8377719555320029,0.9608318927744764,0.9615290631855375,27.739046300004706,3.2082421999948565
52,4,DoS GoldenEye,DDoS | DoS Hulk | FTP-Patator | PortScan,10.0,3,feasible_candidate,0.7692064586743879,1.2718290558061716,1.0,0.0,0.5428571428571428,0.5193403274362136,0.9564935064935064,0.650627503401024,0.4136363636363637,-0.1312871759648104,1.252796035718862,0.9564935064935064,0.5310987351466783,0.8035605049472653,0.7744544167087978,0.6692009192953514,0.7336239660260123,0.7596636782729916,0.9493571422863734,0.9471914692087942,14.26403879999998,3.231443399999989
52,5,FTP-Patator,DDoS | DoS GoldenEye | DoS Hulk | PortScan,10.0,1,feasible_candidate,0.7868475322045568,1.0228354995490188,0.9954648526077098,0.0,0.0034013605442176,0.654204273014445,0.9954648526077098,0.6673073023617302,0.992063492063492,-0.0131030293472852,1.0200289571434762,1.0,0.3288028167793313,0.8313860774847199,0.7990041971827186,0.6692009192953514,0.7780476663961919,0.7768873716940624,0.9541462790964034,0.9498489588507992,4.603468100001919,3.1957976999983657
62,1,DoS Hulk,DDoS | DoS GoldenEye | FTP-Patator | PortScan,10.0,1,fallback_no_feasible_candidate,0.5231959089119986,0.7381226330897666,0.9997697355796908,0.0,0.8377019610853129,0.4361648789060467,0.9922477645162529,0.3064498816451946,0.1545458034309399,0.1297149972608521,0.702601003578755,0.992476296495336,0.6369334199956799,0.6493488230807237,0.4682756004023952,0.665530432358744,0.5713052678066071,0.5337748606790694,0.9238772297587052,0.9125671441750112,6.605185100008384,3.199635600001784
62,2,DDoS,DoS GoldenEye | DoS Hulk | FTP-Patator | PortScan,10.0,2,feasible_candidate,0.582292489383682,0.8705710791554936,0.9994237217099748,0.0,0.7983025984911987,0.4460147195545753,0.9968042749371332,0.3866740830612244,0.1985016764459346,0.0593406364933509,0.8669536365243438,0.9973790428264404,0.622158659022887,0.6917391789991789,0.5572018915575725,0.665530432358744,0.6342017312094533,0.589038530486222,0.9474100571873012,0.9419794085544624,12.51074399999925,3.2315004999982198
62,3,PortScan,DDoS | DoS GoldenEye | DoS Hulk | FTP-Patator,10.0,3,feasible_candidate,0.8228673418999924,1.345270902069034,0.999118100977438,0.0,0.4249283457044168,0.5393582827512708,0.9692070257955464,0.7141358559555142,0.5442786800911296,-0.1747775732042433,1.3240472591107744,0.970062522986392,0.4821433142278438,0.8416714408755304,0.8223464113794944,0.665530432358744,0.8359654606584077,0.8010253275941067,0.957931242059169,0.958256246945094,16.11992630000168,3.020139599990216
62,4,DoS GoldenEye,DDoS | DoS Hulk | FTP-Patator | PortScan,10.0,1,feasible_candidate,0.7980830849999137,1.3428225562146827,0.9987012987012988,0.0,0.5214285714285715,0.5152332263202322,0.9636363636363636,0.6830184129034054,0.4422077922077921,-0.1677851865831732,1.3256490032319652,0.964889466840052,0.5183308988744018,0.8233273882698845,0.7994163550055107,0.665530432358744,0.7867543078266915,0.7823658901746889,0.9564236494927192,0.9524134247164956,4.8050054000050295,3.161799800000153
62,5,FTP-Patator,DDoS | DoS GoldenEye | DoS Hulk | PortScan,10.0,1,feasible_candidate,0.7812086453188831,1.0232630146314108,0.9954648526077098,0.0,0.0,0.645590369177375,0.9954648526077098,0.6590417363405418,0.9954648526077098,-0.0134513671631667,1.020835761816439,1.0,0.3227951845886875,0.8272532944741258,0.7930495886941265,0.665530432358744,0.7764030062029397,0.7713690391249551,0.9540637077720924,0.949737979535897,6.44231050000235,3.684698800003389
72,1,DoS Hulk,DDoS | DoS GoldenEye | FTP-Patator | PortScan,10.0,5,fallback_no_feasible_candidate,0.5847341762673592,0.6710237299760947,0.9998848677898452,0.0,0.8405418889357946,0.5753699882633521,0.9913267068350156,0.378155945668704,0.1507848178992209,0.197214042594648,0.6572396082216555,0.9914408536117296,0.7079559385995733,0.6847413262518598,0.5474711017397415,0.7847587379750062,0.6237598453382539,0.5815749519148591,0.9156733691497552,0.8976111896275498,189.940540399999,3.505183400004171
72,2,DDoS,DoS GoldenEye | DoS Hulk | FTP-Patator | PortScan,10.0,5,feasible_candidate,0.6499350840119174,0.770828242763445,0.9995284995808884,0.0,0.7533005029337804,0.5971803347638557,0.9983235540653814,0.4210954121744956,0.245023051131601,0.1760849225893601,0.7051394489421864,0.9987944860841764,0.675240418848818,0.7097094831199385,0.5923402159354051,0.7847587379750062,0.6581493937299747,0.6125362913579839,0.9269803133981296,0.9189465008133776,536.2912187000038,3.0834325999894645
72,3,PortScan,DDoS | DoS GoldenEye | DoS Hulk | FTP-Patator,10.0,2,feasible_candidate,0.7612360761041674,0.9159944833564128,0.999118100977438,0.0,0.4259572278974057,0.6790161535229493,0.9699419416476812,0.6332514237231555,0.5439847137502756,0.0457647297997938,0.9326014122604418,0.970798087532181,0.5524866907101775,0.8015966826854184,0.7662420875040492,0.7847587379750062,0.792046787981886,0.7472911522616266,0.9567406168344283,0.9566516317282956,14.058667400007836,3.615547000008519
72,4,DoS GoldenEye,DDoS | DoS Hulk | FTP-Patator | PortScan,10.0,5,feasible_candidate,0.7466905459348537,0.9345467231437746,1.0,0.0,0.4714285714285714,0.6676483176401579,0.9525974025974026,0.6191749400101183,0.4811688311688311,0.0484733776300395,0.9273968399989808,0.9525974025974026,0.5695384445343646,0.7858861713037604,0.7505214637236091,0.7847587379750062,0.7066816420224512,0.7380433002891543,0.9432228919674084,0.9402777773112612,27.83384049999586,3.2812095999979647
72,5,FTP-Patator,DDoS | DoS GoldenEye | DoS Hulk | PortScan,10.0,1,feasible_candidate,0.7605021775153706,1.010038589174678,0.9954648526077098,0.0,0.6507936507936508,0.6228070477988881,0.9852607709750568,0.6283502527409889,0.3344671201814059,-0.0055432049421008,1.0089003567986128,0.989749430523918,0.6368003492962695,0.8068055118580229,0.7673334469818326,0.7847587379750062,0.7619080317110375,0.7492651777304559,0.9517810101935632,0.9470935733944252,5.67760479998833,3.5488637999951607
82,1,DoS Hulk,DDoS | DoS GoldenEye | FTP-Patator | PortScan,10.0,2,fallback_no_feasible_candidate,0.4722359442239765,0.6194145879784229,0.9990789423187628,0.0,0.8211996776298116,0.4364227510089868,0.9941282572821124,0.2719301084480458,0.1729285796523006,0.164492642560941,0.6230887546979562,0.9950447508930972,0.6288112143193992,0.633029182865079,0.4270473022909739,0.6625591889984316,0.5327883263509192,0.5108831079928323,0.9156973414697164,0.8992641323219397,16.581199399995967,3.619781100002001
82,2,DDoS,DoS GoldenEye | DoS Hulk | FTP-Patator | PortScan,10.0,5,feasible_candidate,0.5898123836406747,0.9048178544695548,0.9994761106454316,0.0,0.8129715004191115,0.4384797953116618,0.9970662196144174,0.3947899848744045,0.1840947191953059,0.0436898104372573,0.9003607215100902,0.9975888457909636,0.6257256478653866,0.695928102244411,0.5656212998021907,0.6625591889984316,0.6388156290735886,0.594304515562211,0.9451007236977036,0.9400135504937146,38.24876859999495,3.721270399997593
82,3,PortScan,DDoS | DoS GoldenEye | DoS Hulk | FTP-Patator,2.0,3,feasible_candidate,0.7118052377784083,1.059431920929553,0.999118100977438,0.0,0.4288233997207319,0.5345168204862567,0.9961784375688983,0.5646117380832358,0.5673550378481664,-0.0300949175969791,1.0563030319038442,0.9970577418168444,0.4816701101034943,0.780395087826067,0.7207298557499078,0.6625591889984316,0.711544223855404,0.7056431798851494,0.9559388759112812,0.9555804028986828,19.81390470000042,3.298800000004121
82,4,DoS GoldenEye,DDoS | DoS Hulk | FTP-Patator | PortScan,10.0,5,feasible_candidate,0.7786386598456527,1.2990985541953834,1.0,0.0,0.5038961038961038,0.5157486444424138,0.962987012987013,0.6577489986599123,0.4590909090909091,-0.1420003542174985,1.275328603860933,0.962987012987013,0.5098223741692588,0.8103680058234626,0.7816248160871911,0.6625591889984316,0.7462173799482099,0.7652915302312993,0.9502414545338316,0.9468460356236024,29.72377009999764,3.584659000000101
82,5,FTP-Patator,DDoS | DoS GoldenEye | DoS Hulk | PortScan,10.0,5,feasible_candidate,0.7691489535199112,1.007485562710618,0.9954648526077098,0.0,0.0,0.6417226704164397,0.9875283446712018,0.6457700143359613,0.9875283446712018,-0.0040473439195215,1.006306998499671,0.9920273348519362,0.3208613352082198,0.8166491795035815,0.7808936925438902,0.6625591889984316,0.752634149150084,0.7611968820881537,0.951554604949485,0.9470284604498382,27.14190060000692,3.3165035000129137
92,1,DoS Hulk,DDoS | DoS GoldenEye | FTP-Patator | PortScan,10.0,1,fallback_no_feasible_candidate,0.4696497283665576,0.6725202582208241,0.9990405649153778,0.0,0.8344782592009825,0.4001089383110877,0.9936677284414936,0.2651671324250515,0.1591894692405111,0.1349418058860361,0.6627373373470654,0.9946220036877688,0.6172935987560351,0.6294174304332726,0.4186220612809661,0.6478267592593366,0.5309102078532466,0.5065294646280893,0.9164990823928636,0.8996668060596109,18.74604349999572,9.541993100006948
92,2,DDoS,DoS GoldenEye | DoS Hulk | FTP-Patator | PortScan,10.0,5,feasible_candidate,0.5439281931172539,0.801436599877745,0.9994761106454316,0.0,0.7078269069572506,0.4317717763720206,0.9981663872590107,0.3308967203842909,0.2903394803017602,0.1008750559877296,0.7663695000276852,0.9986895901037844,0.5697993416646356,0.664531553821651,0.4970267883328939,0.6478267592593366,0.5918277952502282,0.5518875940432452,0.9345102854570588,0.928320898965825,29.662944399999105,2.982908399993903
92,3,PortScan,DDoS | DoS GoldenEye | DoS Hulk | FTP-Patator,5.0,2,feasible_candidate,0.8213910640556085,1.4276127728459904,0.999118100977438,0.0,0.4211802748585287,0.5034334343967011,0.9928713162342911,0.7036754440907518,0.5716910413757624,-0.2002420096940507,1.3977527037591662,0.9937477013607944,0.4623068546276149,0.8482733801625215,0.8236250019330764,0.6478267592593366,0.8335966043615025,0.7979172765704585,0.9588528445821224,0.9591698148947474,14.270535899995592,4.051880999992136
92,4,DoS GoldenEye,DDoS | DoS Hulk | FTP-Patator | PortScan,5.0,2,feasible_candidate,0.672730039811521,1.069336038839196,1.0,0.0,0.4714285714285714,0.4908713602541905,0.9811688311688312,0.5780157405126077,0.5097402597402597,-0.0871443802584172,1.177529974886477,0.9811688311688312,0.4811499658413809,0.7795922858407194,0.7274713190682005,0.6478267592593366,0.7132090834097013,0.7153222501743742,0.9532379945289838,0.9492054272211736,9.1628994000057,3.0460466999938944
92,5,FTP-Patator,DDoS | DoS GoldenEye | DoS Hulk | PortScan,10.0,1,feasible_candidate,0.7728086600417879,1.063943212991105,0.9954648526077098,0.0,0.0,0.6087285031113332,0.9954648526077098,0.6458641819164775,0.9954648526077098,-0.0371356788051443,1.0610053227593852,1.0,0.3043642515556666,0.8206645172620937,0.7834323028867505,0.6478267592593366,0.7748139547684135,0.7626513570522019,0.9536215516483634,0.9491655557390604,4.794596799998544,3.0855041000031638
