round,weighted_local_loss,weighted_ce_loss,weighted_prox_loss,weighted_local_accuracy,global_update_norm,mean_client_training_seconds,malicious_honest_update_norm,malicious_routed_update_norm
1,0.15938303975978024,0.1344155471454519,0.024967492752752524,0.9753178310148731,1.0004782985712377,5.3598863599996545,2.1202321559073236,2.1202321531251926
2,0.11431108573760594,0.09588263891847473,0.018428446944120484,0.9817706296915499,0.7933288748204385,5.3526743000024,2.229249953018908,2.2292499518727196
3,0.1368520304194595,0.11996769239260713,0.01688433765220825,0.977604992828004,0.7119612632045881,5.280645660002483,2.4125365843218316,2.412536586785666
4,0.17028029231828776,0.15406560073075878,0.016214692223367695,0.9733160649857616,0.6800709312513556,5.373778600001242,2.524891361117056,2.5248913611025174
5,0.20603287163736772,0.18982104135368494,0.016211829393564345,0.9696481583695453,0.6830519091928482,5.333988679997856,2.6511119526741282,2.6511119523180193
6,0.23841779969447985,0.22188172730850367,0.016536072260194292,0.9668992261778712,0.6844342409164244,5.296559380006511,2.7288448601405793,2.728844856941051
7,0.2898794438455322,0.27315194698151074,0.016727497003050894,0.9621856294090081,0.7191316215325412,5.324694040004397,2.9751317218647895,2.9751317189748634
8,0.33651079584072396,0.31902997130892663,0.017480824890381837,0.9588647640661593,0.73109748762753,5.279107280005701,3.061619595169571,3.0616195922198908
9,0.35681401992791745,0.3385148173329624,0.018299203121379316,0.9590417094522513,0.7790942074941822,5.337823560007382,3.272664946446399,3.2726649451451286
10,0.4394509360181609,0.4207692147973695,0.018681719883820152,0.951770395667007,0.8219683034862498,5.369459380005719,3.440542443093906,3.4405424479125903
