seed,experiment_id,attack_type,malicious_ratio,aggregator,class,precision,recall,f1,support
72,E0_CLEAN,NONE,0.0,fedavg,BENIGN,0.9542911977455345,0.9999713612020659,0.9765974010233684,314259
72,E0_CLEAN,NONE,0.0,fedavg,DDoS,0.9131060369096028,0.7541593469050325,0.8260561985341973,19354
72,E0_CLEAN,NONE,0.0,fedavg,DoS GoldenEye,0.9755395683453237,0.4507978723404255,0.616643929058663,1504
72,E0_CLEAN,NONE,0.0,fedavg,DoS Hulk,0.9394229931142682,0.8342428112543055,0.8837142564312801,25839
72,E0_CLEAN,NONE,0.0,fedavg,FTP-Patator,0.9983361064891847,0.681044267877412,0.8097165991902834,881
72,E0_CLEAN,NONE,0.0,fedavg,PortScan,0.9993235244376797,0.43432561558250643,0.6054923660211087,13605
72,E0_CLEAN,NONE,0.0,coordinate_median,BENIGN,0.941405126114894,0.9995354150557343,0.9695997826902271,314259
72,E0_CLEAN,NONE,0.0,coordinate_median,DDoS,0.9390169638973467,0.5577141676139299,0.6997957794417972,19354
72,E0_CLEAN,NONE,0.0,coordinate_median,DoS GoldenEye,0.8815232722143864,0.41555851063829785,0.5648441030275644,1504
72,E0_CLEAN,NONE,0.0,coordinate_median,DoS Hulk,0.9441665597879526,0.854715739773211,0.8972171440178753,25839
72,E0_CLEAN,NONE,0.0,coordinate_median,FTP-Patator,0.810738255033557,0.6855845629965948,0.7429274292742928,881
72,E0_CLEAN,NONE,0.0,coordinate_median,PortScan,0.9992644354542111,0.3994119808893789,0.5707083967862207,13605
72,E0_CLEAN,NONE,0.0,trimmed_mean,BENIGN,0.9429168367714512,0.9995322329670749,0.9703994673973991,314259
72,E0_CLEAN,NONE,0.0,trimmed_mean,DDoS,0.9009485436078234,0.5545623643691227,0.6865385230434644,19354
72,E0_CLEAN,NONE,0.0,trimmed_mean,DoS GoldenEye,0.8410513141426783,0.44680851063829785,0.5835866261398176,1504
72,E0_CLEAN,NONE,0.0,trimmed_mean,DoS Hulk,0.9348534201954397,0.8441503154146832,0.8871896036281548,25839
72,E0_CLEAN,NONE,0.0,trimmed_mean,FTP-Patator,0.810738255033557,0.6855845629965948,0.7429274292742928,881
72,E0_CLEAN,NONE,0.0,trimmed_mean,PortScan,0.9992760180995475,0.4058066887173833,0.5772085729221119,13605
72,E_SCALE_C1,SCALE,0.2,fedavg,BENIGN,0.94317953831095,0.9873193766924734,0.9647448404524078,314259
72,E_SCALE_C1,SCALE,0.2,fedavg,DDoS,0.9871965857562016,0.1912266198201922,0.32039129117430637,19354
72,E_SCALE_C1,SCALE,0.2,fedavg,DoS GoldenEye,0.9983739837398374,0.40824468085106386,0.5795186408683342,1504
72,E_SCALE_C1,SCALE,0.2,fedavg,DoS Hulk,0.6590241819249453,0.9555710360308062,0.7800647658162863,25839
72,E_SCALE_C1,SCALE,0.2,fedavg,FTP-Patator,0.0,0.0,0.0,881
72,E_SCALE_C1,SCALE,0.2,fedavg,PortScan,0.9993542832544124,0.34127159132671814,0.5087940386828119,13605
72,E_SCALE_C1,SCALE,0.2,coordinate_median,BENIGN,0.9408216322422964,0.9995385971443936,0.9692917018318827,314259
72,E_SCALE_C1,SCALE,0.2,coordinate_median,DDoS,0.740228013029316,0.23483517619096828,0.35655448340786067,19354
72,E_SCALE_C1,SCALE,0.2,coordinate_median,DoS GoldenEye,0.619678334910123,0.43550531914893614,0.511518937914877,1504
72,E_SCALE_C1,SCALE,0.2,coordinate_median,DoS Hulk,0.7389641988182134,0.8227872595688688,0.7786262337709902,25839
72,E_SCALE_C1,SCALE,0.2,coordinate_median,FTP-Patator,0.810738255033557,0.6855845629965948,0.7429274292742928,881
72,E_SCALE_C1,SCALE,0.2,coordinate_median,PortScan,0.999382461918485,0.3568540977581771,0.5259166982613876,13605
72,E_SCALE_C1,SCALE,0.2,trimmed_mean,BENIGN,0.9423961405414163,0.9995290508784156,0.9701221489568695,314259
72,E_SCALE_C1,SCALE,0.2,trimmed_mean,DDoS,0.961820984855355,0.5480004133512453,0.6981995326026135,19354
72,E_SCALE_C1,SCALE,0.2,trimmed_mean,DoS GoldenEye,0.9772423025435074,0.4853723404255319,0.6486006219458018,1504
72,E_SCALE_C1,SCALE,0.2,trimmed_mean,DoS Hulk,0.9312530672337641,0.8812647548279732,0.9055695850152115,25839
72,E_SCALE_C1,SCALE,0.2,trimmed_mean,FTP-Patator,0.810738255033557,0.6855845629965948,0.7429274292742928,881
72,E_SCALE_C1,SCALE,0.2,trimmed_mean,PortScan,0.9994186046511628,0.3790518191841235,0.5496402877697841,13605
72,E_SCALE_C1_C2,SCALE,0.4,fedavg,BENIGN,0.9804613561819995,0.8637047785425398,0.9183870613014828,314259
72,E_SCALE_C1_C2,SCALE,0.4,fedavg,DDoS,0.5295546269509626,0.7660948641107781,0.6262327624437733,19354
72,E_SCALE_C1_C2,SCALE,0.4,fedavg,DoS GoldenEye,0.0038860103626943004,0.0019946808510638296,0.0026362038664323375,1504
72,E_SCALE_C1_C2,SCALE,0.4,fedavg,DoS Hulk,0.3498739733543664,0.7896977437207322,0.4849096958174905,25839
72,E_SCALE_C1_C2,SCALE,0.4,fedavg,FTP-Patator,0.0,0.0,0.0,881
72,E_SCALE_C1_C2,SCALE,0.4,fedavg,PortScan,0.7041091130223265,0.5957368614479971,0.6454053193183628,13605
72,E_SCALE_C1_C2,SCALE,0.4,coordinate_median,BENIGN,0.9295278886170902,0.9999777253793846,0.96346667974786,314259
72,E_SCALE_C1_C2,SCALE,0.4,coordinate_median,DDoS,0.8328606158833063,0.6372326134132479,0.7220303260933201,19354
72,E_SCALE_C1_C2,SCALE,0.4,coordinate_median,DoS GoldenEye,0.9061277705345502,0.4621010638297872,0.6120651695288419,1504
72,E_SCALE_C1_C2,SCALE,0.4,coordinate_median,DoS Hulk,0.9631478285207818,0.7990634312473393,0.8734664523225315,25839
72,E_SCALE_C1_C2,SCALE,0.4,coordinate_median,FTP-Patator,1.0,0.40068104426787743,0.5721231766612642,881
72,E_SCALE_C1_C2,SCALE,0.4,coordinate_median,PortScan,0.0,0.0,0.0,13605
72,E_SCALE_C1_C2,SCALE,0.4,trimmed_mean,BENIGN,0.961132809508493,0.9984025914930041,0.9794132704025572,314259
72,E_SCALE_C1_C2,SCALE,0.4,trimmed_mean,DDoS,0.8618351902459533,0.8473183837966312,0.8545151373039446,19354
72,E_SCALE_C1_C2,SCALE,0.4,trimmed_mean,DoS GoldenEye,0.9735449735449735,0.12234042553191489,0.21736562315416422,1504
72,E_SCALE_C1_C2,SCALE,0.4,trimmed_mean,DoS Hulk,0.9206795136297792,0.8117187197646968,0.862772521596051,25839
72,E_SCALE_C1_C2,SCALE,0.4,trimmed_mean,FTP-Patator,0.810738255033557,0.6855845629965948,0.7429274292742928,881
72,E_SCALE_C1_C2,SCALE,0.4,trimmed_mean,PortScan,0.9513911096897986,0.43733921352443955,0.5992245329573493,13605
72,E_RANDOM_C1,RANDOM,0.2,fedavg,BENIGN,0.8896431847263586,0.9999840895567033,0.9415920718507255,314259
72,E_RANDOM_C1,RANDOM,0.2,fedavg,DDoS,0.7673308828271104,0.614808308360029,0.6826539686182267,19354
72,E_RANDOM_C1,RANDOM,0.2,fedavg,DoS GoldenEye,0.7796976241900648,0.4800531914893617,0.594238683127572,1504
72,E_RANDOM_C1,RANDOM,0.2,fedavg,DoS Hulk,0.0,0.0,0.0,25839
72,E_RANDOM_C1,RANDOM,0.2,fedavg,FTP-Patator,0.0,0.0,0.0,881
72,E_RANDOM_C1,RANDOM,0.2,fedavg,PortScan,0.9994803395115192,0.4241087835354649,0.5955206935700279,13605
72,E_RANDOM_C1,RANDOM,0.2,coordinate_median,BENIGN,0.8940647819826179,0.9997136120206581,0.9439422642127354,314259
72,E_RANDOM_C1,RANDOM,0.2,coordinate_median,DDoS,0.7810431559438707,0.7621163583755296,0.7714636889039985,19354
72,E_RANDOM_C1,RANDOM,0.2,coordinate_median,DoS GoldenEye,0.9210526315789473,0.511968085106383,0.6581196581196581,1504
72,E_RANDOM_C1,RANDOM,0.2,coordinate_median,DoS Hulk,0.0,0.0,0.0,25839
72,E_RANDOM_C1,RANDOM,0.2,coordinate_median,FTP-Patator,0.880466472303207,0.6855845629965948,0.7708998085513721,881
72,E_RANDOM_C1,RANDOM,0.2,coordinate_median,PortScan,0.9991760505355671,0.26740169055494306,0.42189493215818163,13605
72,E_RANDOM_C1,RANDOM,0.2,trimmed_mean,BENIGN,0.9036721782890007,0.9999777253793846,0.9493889055888969,314259
72,E_RANDOM_C1,RANDOM,0.2,trimmed_mean,DDoS,0.7968402863490496,0.8339361372326134,0.8149662955388927,19354
72,E_RANDOM_C1,RANDOM,0.2,trimmed_mean,DoS GoldenEye,0.8757932910244787,0.6422872340425532,0.7410817031070196,1504
72,E_RANDOM_C1,RANDOM,0.2,trimmed_mean,DoS Hulk,0.0,0.0,0.0,25839
72,E_RANDOM_C1,RANDOM,0.2,trimmed_mean,FTP-Patator,0.9983471074380166,0.6855845629965948,0.8129205921938089,881
72,E_RANDOM_C1,RANDOM,0.2,trimmed_mean,PortScan,0.9994763484028626,0.4208746784270489,0.5923244026068066,13605
72,E_RANDOM_C1_C2,RANDOM,0.4,fedavg,BENIGN,0.8644023039725371,0.9999713612020659,0.9272578396441454,314259
72,E_RANDOM_C1_C2,RANDOM,0.4,fedavg,DDoS,0.0,0.0,0.0,19354
72,E_RANDOM_C1_C2,RANDOM,0.4,fedavg,DoS GoldenEye,0.12221841834988018,0.4747340425531915,0.19439150558126872,1504
72,E_RANDOM_C1_C2,RANDOM,0.4,fedavg,DoS Hulk,0.0,0.0,0.0,25839
72,E_RANDOM_C1_C2,RANDOM,0.4,fedavg,FTP-Patator,0.0,0.0,0.0,881
72,E_RANDOM_C1_C2,RANDOM,0.4,fedavg,PortScan,0.9995044598612488,0.4447629547960309,0.6155959102701053,13605
72,E_RANDOM_C1_C2,RANDOM,0.4,coordinate_median,BENIGN,0.8699623352165725,0.9995767822083059,0.9302764981735099,314259
72,E_RANDOM_C1_C2,RANDOM,0.4,coordinate_median,DDoS,0.0,0.0,0.0,19354
72,E_RANDOM_C1_C2,RANDOM,0.4,coordinate_median,DoS GoldenEye,0.17849843302902302,0.8710106382978723,0.2962795431414678,1504
72,E_RANDOM_C1_C2,RANDOM,0.4,coordinate_median,DoS Hulk,0.0,0.0,0.0,25839
72,E_RANDOM_C1_C2,RANDOM,0.4,coordinate_median,FTP-Patator,0.8423988842398884,0.6855845629965948,0.7559449311639549,881
72,E_RANDOM_C1_C2,RANDOM,0.4,coordinate_median,PortScan,0.9931810973675864,0.46034546122748987,0.629099492742705,13605
72,E_RANDOM_C1_C2,RANDOM,0.4,trimmed_mean,BENIGN,0.8703600095278718,0.9999395403154723,0.9306609606029868,314259
72,E_RANDOM_C1_C2,RANDOM,0.4,trimmed_mean,DDoS,0.0,0.0,0.0,19354
72,E_RANDOM_C1_C2,RANDOM,0.4,trimmed_mean,DoS GoldenEye,0.17075109285998147,0.8570478723404256,0.2847674803932398,1504
72,E_RANDOM_C1_C2,RANDOM,0.4,trimmed_mean,DoS Hulk,0.0,0.0,0.0,25839
72,E_RANDOM_C1_C2,RANDOM,0.4,trimmed_mean,FTP-Patator,0.9983471074380166,0.6855845629965948,0.8129205921938089,881
72,E_RANDOM_C1_C2,RANDOM,0.4,trimmed_mean,PortScan,0.9995193848125601,0.4585814038956266,0.6287096286592432,13605
