experiment_id,aggregation,mu,round,validation_loss,accuracy,balanced_accuracy,macro_precision,macro_recall,macro_f1,weighted_f1,recall_BENIGN,recall_DDoS,recall_DoS_GoldenEye,recall_DoS_Hulk,recall_FTP_Patator,recall_PortScan,is_best_so_far,validation_seconds,round_seconds
fedprox_mu001,FedProx,0.01,1,1.5926119823217393,0.78022,0.16666666666666666,0.13003666666666666,0.16666666666666666,0.14609055809581586,0.6838966514251048,1.0,0.0,0.0,0.0,0.0,0.0,True,1.6879465999954846,31.795607000007294
fedprox_mu001,FedProx,0.01,2,1.970811114132479,0.78022,0.16666666666666666,0.13003666666666666,0.16666666666666666,0.14609055809581586,0.6838966514251048,1.0,0.0,0.0,0.0,0.0,0.0,False,1.658456200006185,31.96823709999444
fedprox_mu001,FedProx,0.01,3,1.6698661300741136,0.78128,0.1703688181056161,0.2975620067643743,0.1703688181056161,0.153874289551957,0.688500020817684,1.0,0.022212908633696564,0.0,0.0,0.0,0.0,True,1.718392999988282,32.30237699998543
fedprox_mu001,FedProx,0.01,4,1.309412809060309,0.83078,0.30192115653016616,0.43726435069318975,0.30192115653016616,0.3351269585398378,0.7768530122485617,1.0,0.5377200335289187,0.0,0.27380690565207827,0.0,0.0,True,1.7024715000006836,32.03963230000227
fedprox_mu001,FedProx,0.01,5,0.9990328200219385,0.86618,0.3747656745643683,0.6019898278738961,0.3747656745643683,0.3982040257930615,0.8248859364530762,0.9999487324088078,0.6236378876781223,0.007017543859649123,0.6179898834396306,0.0,0.0,True,1.6479830000025686,32.025826199998846
fedprox_mu001,FedProx,0.01,6,0.9805359718891605,0.8704,0.4060467394282887,0.6196920076638851,0.4060467394282887,0.4430952028167316,0.8298001797858995,0.9999487324088078,0.740989103101425,0.09824561403508772,0.5970969870244117,0.0,0.0,True,1.5043322000128683,31.49518860000535
fedprox_mu001,FedProx,0.01,7,0.8009402813904732,0.87628,0.4339986150795216,0.7803874920844098,0.4339986150795216,0.4971210907263545,0.8467085798853813,1.0,0.7221290863369656,0.18596491228070175,0.5621288761820981,0.0,0.13376881567736437,True,1.636308499990264,31.926514199993107
fedprox_mu001,FedProx,0.01,8,0.7025564197165984,0.9072,0.5075157465337864,0.7866193827806415,0.5075157465337864,0.5824122152049847,0.8944084997829713,0.9999230986132116,0.742246437552389,0.2,0.6243677149769079,0.0,0.47855722806021017,True,1.6563946999958716,32.12317070001154
fedprox_mu001,FedProx,0.01,9,0.680444435546929,0.8999,0.5118411831915234,0.9505536815814005,0.5118411831915234,0.6000827151185683,0.8860598540895914,1.0,0.6990779547359598,0.3087719298245614,0.5742247635803827,0.032,0.4569724510082363,True,1.721144799987087,31.87843710000743
fedprox_mu001,FedProx,0.01,10,0.6215209440379497,0.91048,0.5480169811906527,0.9522495823540872,0.5480169811906527,0.6427074056301642,0.899473119324059,0.9999743662044038,0.7678122380553227,0.22456140350877193,0.6025951176599956,0.172,0.5211587617154217,True,1.6327243999985512,31.738271199981682
fedprox_mu001,FedProx,0.01,11,0.6007049063391564,0.91412,0.5338871792779468,0.9544655391872435,0.5338871792779468,0.6151220886995326,0.9034783152651508,0.9999743662044038,0.7690695725062867,0.18947368421052632,0.6300857708379151,0.068,0.5467196819085487,False,1.6550638000189792,32.00260409998009
fedprox_mu001,FedProx,0.01,12,0.5075777367963176,0.92362,0.5903675513716173,0.9664589289986502,0.5903675513716173,0.6730139417657871,0.9140046485745545,0.9999743662044038,0.950544844928751,0.2807017543859649,0.622608313173521,0.132,0.5563760295370633,True,1.6347663999767974,31.81688070000382
fedprox_mu001,FedProx,0.01,13,0.4750661672206875,0.9271,0.607627496640803,0.9726291993576389,0.607627496640803,0.6936214810904983,0.9181337810233688,0.9999743662044038,0.9727577535624476,0.3157894736842105,0.648559489773477,0.156,0.5526838966202783,True,1.6238582000078168,31.97502660000464
fedprox_mu001,FedProx,0.01,14,0.5765737524630689,0.91054,0.5448900793654013,0.9549601083018214,0.5448900793654013,0.6454344288668163,0.9002953339487042,1.0,0.6609388097233864,0.21052631578947367,0.6468000879700901,0.216,0.5350752627094575,False,1.6395362000039313,31.794219500006875
fedprox_mu001,FedProx,0.01,15,0.5042177146630384,0.91474,0.5825320477932842,0.9566174894863932,0.5825320477932842,0.6845097501208454,0.9050943076012128,1.0,0.7761944677284157,0.256140350877193,0.6283263690345282,0.304,0.5305310991195683,False,1.5996871000097599,31.96502549998695
fedprox_mu001,FedProx,0.01,16,0.4480922551946761,0.91848,0.6430396407650003,0.9498847677836264,0.6430396407650003,0.7479647712313473,0.9103921023548284,0.9998974648176155,0.7753562447611064,0.45263157894736844,0.6333846492192654,0.444,0.5529679068446464,True,1.5970632999960799,32.003431499993894
fedprox_mu001,FedProx,0.01,17,0.4336282152237883,0.92088,0.6350302347280307,0.9499921481107892,0.6350302347280307,0.7325212326992819,0.9125290089461672,0.9999230986132116,0.8243922883487007,0.5087719298245614,0.6610952276226083,0.292,0.5239988639591026,False,1.6163452000182588,31.47906199999852
fedprox_mu001,FedProx,0.01,18,0.4769727648766292,0.92146,0.6341823379106619,0.9693561882466285,0.6341823379106619,0.7321312804000999,0.9115716710934302,0.9999743662044038,0.9455155071248952,0.43157894736842106,0.6465801627446668,0.308,0.47344504402158477,False,1.6576227999757975,31.787247500004014
fedprox_mu001,FedProx,0.01,19,0.34645626141033137,0.9327,0.6944555603791955,0.9724188941779727,0.6944555603791955,0.7884452621632941,0.9257677744034385,0.9998718310220194,0.9744341994970662,0.4280701754385965,0.6791290961073235,0.528,0.5572280602101676,True,1.669328099989798,32.00066140000126
fedprox_mu001,FedProx,0.01,20,0.3227439994291589,0.93332,0.7098585710331338,0.9682729654195289,0.7098585710331338,0.8001579376128828,0.9265024435690968,0.9998461972264233,0.9899413243922883,0.4807017543859649,0.6654937321310754,0.556,0.5671684180630503,True,1.620209500018973,31.99483720000717
