seed,client_id,attack_class,local_only_recall,fedprox70_recall,retention_delta,retention_ratio,local_only_f1,fedprox70_f1,local_training_samples
42,1,DoS Hulk,0.9997313581763058,0.8484476340330813,-0.1512837241432244,0.8486756238003839,0.7653323540213001,0.9050640684488476,120950
52,1,DoS Hulk,0.9994627163526116,0.8480254825958475,-0.1514372337567641,0.8484813577544829,0.7615691664351615,0.9071390451167948,120950
62,1,DoS Hulk,0.9997697355796908,0.8377019610853129,-0.1620677744943778,0.8378948984683888,0.7783736946681208,0.8985674296064547,120950
72,1,DoS Hulk,0.9998848677898452,0.8405418889357946,-0.1593429788540507,0.840638673524219,0.7531037273633854,0.8882670235632883,120950
82,1,DoS Hulk,0.9990789423187628,0.8211996776298116,-0.1778792646889511,0.8219567472054701,0.7384724487624991,0.8907667971026559,120950
92,1,DoS Hulk,0.9990405649153778,0.8344782592009825,-0.1645623057143953,0.835279655808236,0.7665037394735292,0.896364086074697,120950
102,1,DoS Hulk,0.9999616225966153,0.8293356871474076,-0.1706259354492075,0.829367516119128,0.7582022668082815,0.896885181265434,120950
112,1,DoS Hulk,0.9997313581763058,0.8490616724872395,-0.1506696856890662,0.8492898272552784,0.7616736352738224,0.9050706702939312,120950
122,1,DoS Hulk,0.9996929807729208,0.8102237402617339,-0.1894692405111869,0.8104725709240278,0.7590034965034965,0.8782029950083194,120950
132,1,DoS Hulk,0.9990789423187628,0.8379322255056223,-0.1611467168131404,0.8387047209311259,0.7600653995503781,0.8883735123588649,120950
42,2,DDoS,0.9994761106454316,0.8055322715842415,-0.1939438390611902,0.8059545025684034,0.698930246189918,0.8649621691559081,89572
52,2,DDoS,0.9995808885163452,0.8165863369656329,-0.1829945515507124,0.8169287211740043,0.7038382795064279,0.8730990057414928,89572
62,2,DDoS,0.9994237217099748,0.7983025984911987,-0.2011211232187761,0.7987629082140798,0.7010896528913471,0.8531437209562734,89572
72,2,DDoS,0.9995284995808884,0.7533005029337804,-0.2462279966471081,0.7536558519838565,0.7044640549422146,0.8264505560824209,89572
82,2,DDoS,0.9994761106454316,0.8129715004191115,-0.1865046102263202,0.8133976307789076,0.6909815284317277,0.8518650673839651,89572
92,2,DDoS,0.9994761106454316,0.7078269069572506,-0.2916492036881811,0.7081979243107244,0.6698383160999245,0.7929223275330849,89572
102,2,DDoS,0.9995284995808884,0.8205678960603521,-0.1789606035205364,0.8209549766759264,0.6832840898916644,0.8642608839596093,89572
112,2,DDoS,0.999685666387259,0.8046940486169321,-0.1949916177703269,0.8049470705376794,0.6926315789473684,0.8690486293813121,89572
122,2,DDoS,0.9928751047778708,0.7929589270746018,-0.199916177703269,0.7986492190797805,0.7041165106256502,0.832014072119613,89572
132,2,DDoS,0.9995808885163452,0.7642497904442582,-0.235331098072087,0.7645702306079666,0.6972155229116422,0.8330287802649612,89572
42,3,PortScan,0.999118100977438,0.4171382376717866,-0.5819798633056514,0.4175064361897757,0.6527741099080498,0.5884914463452566,63482
52,3,PortScan,0.999118100977438,0.4093481296391563,-0.5897699713382817,0.4097094520044134,0.6525234586863136,0.5806317106223288,63482
62,3,PortScan,0.999118100977438,0.4249283457044168,-0.5741897552730212,0.4253034203751379,0.6593593132381114,0.5962361433359114,63482
72,3,PortScan,0.999118100977438,0.4259572278974057,-0.5731608730800323,0.4263332107392424,0.6506496925028118,0.5972486990571384,63482
82,3,PortScan,0.999118100977438,0.4288233997207319,-0.5702947012567061,0.4292019124678191,0.6523199462597764,0.5953777868476098,63482
92,3,PortScan,0.999118100977438,0.4211802748585287,-0.5779378261189093,0.4215520411916146,0.649127414233533,0.592535153019024,63482
102,3,PortScan,0.9988976262217976,0.4301462482545748,-0.5687513779672226,0.4306209535020601,0.6320831492547725,0.601356210829138,63482
112,3,PortScan,0.999118100977438,0.4238994635114279,-0.5752186374660101,0.4242736300110334,0.6474580307179426,0.5952221247613643,63482
122,3,PortScan,0.9988976262217976,0.4238994635114279,-0.5749981627103696,0.4243672748675691,0.6338074143156913,0.5952221247613643,63482
132,3,PortScan,0.999118100977438,0.4189020357169104,-0.5802160652605276,0.419271791099669,0.6362019748233422,0.5902759799099052,63482
42,4,DoS GoldenEye,1.0,0.4941558441558442,-0.5058441558441558,0.4941558441558442,0.2136218615619364,0.6454622561492791,7242
52,4,DoS GoldenEye,1.0,0.5428571428571428,-0.4571428571428572,0.5428571428571428,0.201689476786065,0.6714859437751004,7242
62,4,DoS GoldenEye,0.9987012987012988,0.5214285714285715,-0.4772727272727273,0.5221066319895968,0.2272290758661446,0.6691666666666667,7242
72,4,DoS GoldenEye,1.0,0.4714285714285714,-0.5285714285714286,0.4714285714285714,0.1438848920863309,0.631578947368421,7242
82,4,DoS GoldenEye,1.0,0.5038961038961038,-0.4961038961038961,0.5038961038961038,0.141641756725684,0.6615515771526002,7242
92,4,DoS GoldenEye,1.0,0.4714285714285714,-0.5285714285714286,0.4714285714285714,0.1778290993071593,0.6318537859007833,7242
102,4,DoS GoldenEye,1.0,0.5948051948051948,-0.4051948051948052,0.5948051948051948,0.1796337338154671,0.6887218045112782,7242
112,4,DoS GoldenEye,1.0,0.4961038961038961,-0.5038961038961038,0.4961038961038961,0.2502844141069397,0.6361365528726062,7242
122,4,DoS GoldenEye,1.0,0.522077922077922,-0.4779220779220779,0.522077922077922,0.1644420715429791,0.679340937896071,7242
132,4,DoS GoldenEye,1.0,0.4922077922077922,-0.5077922077922078,0.4922077922077922,0.1543550165380375,0.6261875258157786,7242
42,5,FTP-Patator,0.9954648526077098,0.6541950113378685,-0.3412698412698413,0.6571753986332574,0.7920613441587732,0.7207995003123048,4168
52,5,FTP-Patator,0.9954648526077098,0.0034013605442176,-0.992063492063492,0.0034168564920273,0.9365333333333332,0.0067796610169491,4168
62,5,FTP-Patator,0.9954648526077098,0.0,-0.9954648526077098,0.0,0.8545012165450122,0.0,4168
72,5,FTP-Patator,0.9954648526077098,0.6507936507936508,-0.3446712018140589,0.6537585421412301,0.8582600195503421,0.7884615384615384,4168
82,5,FTP-Patator,0.9954648526077098,0.0,-0.9954648526077098,0.0,0.9355354288758656,0.0,4168
92,5,FTP-Patator,0.9954648526077098,0.0,-0.9954648526077098,0.0,0.880641925777332,0.0,4168
102,5,FTP-Patator,0.9965986394557824,0.6462585034013606,-0.3503401360544217,0.6484641638225257,0.8371428571428572,0.7514831905075807,4168
112,5,FTP-Patator,0.9954648526077098,0.1802721088435374,-0.8151927437641724,0.1810933940774487,0.947652455477604,0.298311444652908,4168
122,5,FTP-Patator,0.9954648526077098,0.0,-0.9954648526077098,0.0,0.7917042380522994,0.0,4168
132,5,FTP-Patator,0.9954648526077098,0.0034013605442176,-0.992063492063492,0.0034168564920273,0.8405935854475826,0.0067796610169491,4168
