round,aggregator,weighted_local_loss,weighted_ce_loss,weighted_prox_loss,weighted_local_accuracy,global_update_norm,mean_client_training_seconds,mean_malicious_honest_update_norm,mean_malicious_routed_update_norm,aggregation_audit_max_error
1,fedavg,0.14615077810776614,0.12180167519036855,0.02434910301118513,0.9763441142542066,1.3867650975034287,10.94972765998682,,,0.0
2,fedavg,0.09948887101097395,0.08436635596738803,0.015122515113532142,0.9824601459057406,0.8255180295677612,10.617751180008053,,,0.0
3,fedavg,0.07596057313356833,0.06471711577972161,0.011243457591851198,0.9852159275962312,0.6412097493870602,11.05984128001146,,,0.0
4,fedavg,0.06426863792119965,0.054610904431723443,0.009657733556442333,0.9863455241093797,0.5475689163990279,11.088961720012595,,,0.0
5,fedavg,0.05412924998009348,0.045918126733826496,0.008211123248572497,0.9877308352450094,0.4864091170633034,11.15078729997622,,,0.0
6,fedavg,0.049907436461587275,0.042362782832548615,0.0075446536799953804,0.9882051630380495,0.4471677500038941,11.197393800003919,,,0.0
7,fedavg,0.045912941134336215,0.03906241876863987,0.006850522357657094,0.9887371407794615,0.4128989414904412,10.597124740015715,,,0.0
8,fedavg,0.04402710449952449,0.03754219084398327,0.006484913599510454,0.9887810917302006,0.3939973908294572,10.68565782000078,,,0.0
9,fedavg,0.03945919084340298,0.03349471602435824,0.005964474888989901,0.989600748421904,0.3705980145801988,10.699758940003813,,,0.0
10,fedavg,0.037905590034434986,0.03227456048196278,0.005631029561074678,0.9897440171054818,0.3604894818901598,8.4549098999938,,,0.0
