sequence_row,validation_index,true_class_id,true_class,assigned_client,specialist_client_analysis_only,routing_matches_specialist_analysis_only,rf_prediction_id,rf_prediction,rf_confidence,ae_reconstruction_error,ae_anomaly_score,ae_anomaly,fedprox70_prediction_id,fedprox70_prediction,fedprox70_confidence,cnn_bilstm_prediction_id,cnn_bilstm_prediction,cnn_bilstm_confidence,fusion_risk,final_prediction_id,final_prediction,final_confidence,severity,processing_path,decision_source,correct,missed_attack_to_benign,wrong_known_attack_family,predicted_anomalous,rf_benign_vote,fedprox_benign_vote,cnn_benign_vote,global_supervised_benign_consensus,all_supervised_benign_consensus,evidence_pattern
6,38980,3,DoS Hulk,2,1,False,0,BENIGN,1.0,0.04806293174624443,0.07330220937728882,False,0,BENIGN,0.9947094917297363,0,BENIGN,0.8525723218917847,0.06418216973543167,0,BENIGN,1.0,NORMAL,DEEP_ANALYSIS,Random Forest,False,True,False,False,True,True,True,True,True,RF+FedProx+CNN all BENIGN
7,38999,3,DoS Hulk,3,1,False,0,BENIGN,0.999783456325531,0.061372239142656326,0.10301199555397034,False,0,BENIGN,0.9947094917297363,0,BENIGN,0.6826498508453369,0.12815481424331665,0,BENIGN,0.999783456325531,NORMAL,DEEP_ANALYSIS,Random Forest,False,True,False,False,True,True,True,True,True,RF+FedProx+CNN all BENIGN
12,39109,3,DoS Hulk,3,1,False,0,BENIGN,0.999783456325531,0.05609273165464401,0.09415045380592346,False,0,BENIGN,0.9899829030036926,0,BENIGN,0.6369186043739319,0.14424949884414673,0,BENIGN,0.999783456325531,NORMAL,DEEP_ANALYSIS,Random Forest,False,True,False,False,True,True,True,True,True,RF+FedProx+CNN all BENIGN
13,39119,3,DoS Hulk,4,1,False,0,BENIGN,1.0,0.05510210245847702,0.06400319933891296,False,0,BENIGN,0.982298731803894,0,BENIGN,0.9343341588973999,0.037893906235694885,0,BENIGN,1.0,NORMAL,DEEP_ANALYSIS,Random Forest,False,True,False,False,True,True,True,True,True,RF+FedProx+CNN all BENIGN
14,39124,3,DoS Hulk,5,1,False,0,BENIGN,1.0,0.06121091917157173,0.05440393090248108,False,0,BENIGN,0.989966630935669,0,BENIGN,0.9213306903839111,0.03870485723018646,0,BENIGN,1.0,NORMAL,DEEP_ANALYSIS,Random Forest,False,True,False,False,True,True,True,True,True,RF+FedProx+CNN all BENIGN
26,39349,3,DoS Hulk,2,1,False,0,BENIGN,1.0,0.06156196817755699,0.0938899889588356,False,0,BENIGN,0.9976909160614014,0,BENIGN,0.8471454381942749,0.0682753175497055,0,BENIGN,1.0,NORMAL,DEEP_ANALYSIS,Random Forest,False,True,False,False,True,True,True,True,True,RF+FedProx+CNN all BENIGN
28,39415,3,DoS Hulk,4,1,False,0,BENIGN,1.0,0.20129646360874176,0.2338135540485382,False,0,BENIGN,0.9768667817115784,0,BENIGN,0.9989286065101624,0.042386990040540695,0,BENIGN,1.0,NORMAL,DEEP_ANALYSIS,Random Forest,False,True,False,False,True,True,True,True,True,RF+FedProx+CNN all BENIGN
29,39446,3,DoS Hulk,5,1,False,0,BENIGN,1.0,0.2518613040447235,0.2238529473543167,False,0,BENIGN,0.999047577381134,0,BENIGN,0.9867165088653564,0.03851289302110672,0,BENIGN,1.0,NORMAL,DEEP_ANALYSIS,Random Forest,False,True,False,False,True,True,True,True,True,RF+FedProx+CNN all BENIGN
42,39807,3,DoS Hulk,3,1,False,0,BENIGN,0.9998576045036316,0.026848124340176582,0.04506400600075722,False,0,BENIGN,0.9126371145248413,0,BENIGN,0.9995273351669312,0.03316238150000572,0,BENIGN,0.9998576045036316,NORMAL,DEEP_ANALYSIS,Random Forest,False,True,False,False,True,True,True,True,True,RF+FedProx+CNN all BENIGN
46,39980,3,DoS Hulk,2,1,False,0,BENIGN,1.0,0.024008983746170998,0.036616817116737366,False,0,BENIGN,0.9255834221839905,0,BENIGN,0.47335249185562134,0.21214412152767181,0,BENIGN,1.0,LOW,DEEP_ANALYSIS,Random Forest,False,True,False,False,True,True,True,True,True,RF+FedProx+CNN all BENIGN
58,40297,3,DoS Hulk,4,1,False,0,BENIGN,1.0,0.17413030564785004,0.20225901901721954,False,0,BENIGN,0.999047577381134,0,BENIGN,0.9983773231506348,0.031192516908049583,0,BENIGN,1.0,NORMAL,DEEP_ANALYSIS,Random Forest,False,True,False,False,True,True,True,True,True,RF+FedProx+CNN all BENIGN
63,40384,3,DoS Hulk,4,1,False,0,BENIGN,1.0,0.06990651786327362,0.08119909465312958,False,0,BENIGN,0.9959332346916199,0,BENIGN,0.47865796089172363,0.19586960971355438,0,BENIGN,1.0,NORMAL,DEEP_ANALYSIS,Random Forest,False,True,False,False,True,True,True,True,True,RF+FedProx+CNN all BENIGN
66,40535,3,DoS Hulk,2,1,False,0,BENIGN,1.0,0.061542801558971405,0.09386076033115387,False,0,BENIGN,0.9976931214332581,0,BENIGN,0.8223184943199158,0.07695970684289932,0,BENIGN,1.0,NORMAL,DEEP_ANALYSIS,Random Forest,False,True,False,False,True,True,True,True,True,RF+FedProx+CNN all BENIGN
67,40542,3,DoS Hulk,3,1,False,0,BENIGN,0.9998576045036316,0.026863781735301018,0.04509028419852257,False,0,BENIGN,0.9125021696090698,0,BENIGN,0.9964627623558044,0.03427940607070923,0,BENIGN,0.9998576045036316,NORMAL,DEEP_ANALYSIS,Random Forest,False,True,False,False,True,True,True,True,True,RF+FedProx+CNN all BENIGN
71,40650,3,DoS Hulk,2,1,False,0,BENIGN,1.0,0.024004720151424408,0.03661031275987625,False,0,BENIGN,0.9123342633247375,0,BENIGN,0.9770814776420593,0.03981275111436844,0,BENIGN,1.0,NORMAL,DEEP_ANALYSIS,Random Forest,False,True,False,False,True,True,True,True,True,RF+FedProx+CNN all BENIGN
72,40662,3,DoS Hulk,3,1,False,0,BENIGN,0.999783456325531,0.12407337874174118,0.20825453102588654,False,0,BENIGN,0.9990482926368713,0,BENIGN,0.9888538122177124,0.035468168556690216,0,BENIGN,0.999783456325531,NORMAL,DEEP_ANALYSIS,Random Forest,False,True,False,False,True,True,True,True,True,RF+FedProx+CNN all BENIGN
73,40704,3,DoS Hulk,4,1,False,0,BENIGN,1.0,0.17413030564785004,0.20225901901721954,False,0,BENIGN,0.999047577381134,0,BENIGN,0.9797261357307434,0.03772043436765671,0,BENIGN,1.0,NORMAL,DEEP_ANALYSIS,Random Forest,False,True,False,False,True,True,True,True,True,RF+FedProx+CNN all BENIGN
74,40706,3,DoS Hulk,5,1,False,0,BENIGN,0.980843722820282,0.028722131624817848,0.02552807331085205,False,0,BENIGN,0.9076668620109558,0,BENIGN,0.9014567732810974,0.06985053420066833,0,BENIGN,0.980843722820282,NORMAL,DEEP_ANALYSIS,Random Forest,False,True,False,False,True,True,True,True,True,RF+FedProx+CNN all BENIGN
88,40877,3,DoS Hulk,4,1,False,0,BENIGN,1.0,0.2012973129749298,0.233814537525177,False,0,BENIGN,0.9768656492233276,0,BENIGN,0.9923702478408813,0.04468290135264397,0,BENIGN,1.0,NORMAL,DEEP_ANALYSIS,Random Forest,False,True,False,False,True,True,True,True,True,RF+FedProx+CNN all BENIGN
91,40930,3,DoS Hulk,2,1,False,0,BENIGN,1.0,0.024004697799682617,0.036610282957553864,False,0,BENIGN,0.9123521447181702,0,BENIGN,0.9059091210365295,0.06471771001815796,0,BENIGN,1.0,NORMAL,DEEP_ANALYSIS,Random Forest,False,True,False,False,True,True,True,True,True,RF+FedProx+CNN all BENIGN
92,40934,3,DoS Hulk,3,1,False,0,BENIGN,0.999783456325531,0.07241223752498627,0.12154239416122437,False,0,BENIGN,0.9976931214332581,0,BENIGN,0.9708011150360107,0.029186341911554337,0,BENIGN,0.999783456325531,NORMAL,DEEP_ANALYSIS,Random Forest,False,True,False,False,True,True,True,True,True,RF+FedProx+CNN all BENIGN
93,40936,3,DoS Hulk,4,1,False,0,BENIGN,1.0,0.060320835560560226,0.0700649619102478,False,0,BENIGN,0.9899829030036926,0,BENIGN,0.9613251686096191,0.027051065117120743,0,BENIGN,1.0,NORMAL,DEEP_ANALYSIS,Random Forest,False,True,False,False,True,True,True,True,True,RF+FedProx+CNN all BENIGN
101,41109,3,DoS Hulk,2,1,False,0,BENIGN,0.9844759106636047,0.02401355281472206,0.03662378340959549,False,0,BENIGN,0.9076668620109558,0,BENIGN,0.9493417739868164,0.0540287047624588,0,BENIGN,0.9844759106636047,NORMAL,DEEP_ANALYSIS,Random Forest,False,True,False,False,True,True,True,True,True,RF+FedProx+CNN all BENIGN
103,41234,3,DoS Hulk,4,1,False,0,BENIGN,1.0,0.20129451155662537,0.23381127417087555,False,0,BENIGN,0.9768697023391724,0,BENIGN,0.9851930141448975,0.04719322919845581,0,BENIGN,1.0,NORMAL,DEEP_ANALYSIS,Random Forest,False,True,False,False,True,True,True,True,True,RF+FedProx+CNN all BENIGN
104,41255,3,DoS Hulk,5,1,False,0,BENIGN,1.0,0.06897318363189697,0.06130298599600792,False,0,BENIGN,0.9947178959846497,0,BENIGN,0.9930604696273804,0.013208914548158646,0,BENIGN,1.0,NORMAL,DEEP_ANALYSIS,Random Forest,False,True,False,False,True,True,True,True,True,RF+FedProx+CNN all BENIGN
111,41378,3,DoS Hulk,2,1,False,0,BENIGN,1.0,0.024004589766263962,0.03661011531949043,False,0,BENIGN,0.9124236106872559,0,BENIGN,0.9810109734535217,0.03841059282422066,0,BENIGN,1.0,NORMAL,DEEP_ANALYSIS,Random Forest,False,True,False,False,True,True,True,True,True,RF+FedProx+CNN all BENIGN
112,41381,3,DoS Hulk,3,1,False,0,BENIGN,0.999783456325531,0.07240188121795654,0.12152501195669174,False,0,BENIGN,0.9976909160614014,0,BENIGN,0.603975772857666,0.15757325291633606,0,BENIGN,0.999783456325531,NORMAL,DEEP_ANALYSIS,Random Forest,False,True,False,False,True,True,True,True,True,RF+FedProx+CNN all BENIGN
113,41388,3,DoS Hulk,4,1,False,0,BENIGN,1.0,0.060337819159030914,0.07008469104766846,False,0,BENIGN,0.989966630935669,0,BENIGN,0.968672513961792,0.024487335234880447,0,BENIGN,1.0,NORMAL,DEEP_ANALYSIS,Random Forest,False,True,False,False,True,True,True,True,True,RF+FedProx+CNN all BENIGN
116,41630,3,DoS Hulk,2,1,False,0,BENIGN,1.0,0.04253982752561569,0.06487876176834106,False,0,BENIGN,0.9865807294845581,0,BENIGN,0.9559895992279053,0.029161237180233,0,BENIGN,1.0,NORMAL,DEEP_ANALYSIS,Random Forest,False,True,False,False,True,True,True,True,True,RF+FedProx+CNN all BENIGN
121,41717,3,DoS Hulk,2,1,False,0,BENIGN,1.0,0.06156196817755699,0.0938899889588356,False,0,BENIGN,0.9976909160614014,0,BENIGN,0.6102174520492554,0.15120011568069458,0,BENIGN,1.0,NORMAL,DEEP_ANALYSIS,Random Forest,False,True,False,False,True,True,True,True,True,RF+FedProx+CNN all BENIGN
122,41723,3,DoS Hulk,3,1,False,0,BENIGN,0.999783456325531,0.12407337874174118,0.20825453102588654,False,0,BENIGN,0.9990482926368713,0,BENIGN,0.9783998727798462,0.03912704810500145,0,BENIGN,0.999783456325531,NORMAL,DEEP_ANALYSIS,Random Forest,False,True,False,False,True,True,True,True,True,RF+FedProx+CNN all BENIGN
123,41736,3,DoS Hulk,4,1,False,0,BENIGN,1.0,0.06032082065939903,0.07006494700908661,False,0,BENIGN,0.9899829030036926,0,BENIGN,0.8933179974555969,0.05085357278585434,0,BENIGN,1.0,NORMAL,DEEP_ANALYSIS,Random Forest,False,True,False,False,True,True,True,True,True,RF+FedProx+CNN all BENIGN
127,41868,3,DoS Hulk,3,1,False,0,BENIGN,0.999783456325531,0.061372239142656326,0.10301199555397034,False,0,BENIGN,0.9947094917297363,0,BENIGN,0.7728688716888428,0.09657815098762512,0,BENIGN,0.999783456325531,NORMAL,DEEP_ANALYSIS,Random Forest,False,True,False,False,True,True,True,True,True,RF+FedProx+CNN all BENIGN
128,41875,3,DoS Hulk,4,1,False,0,BENIGN,1.0,0.060337819159030914,0.07008469104766846,False,0,BENIGN,0.989966630935669,0,BENIGN,0.9589371085166931,0.027894726023077965,0,BENIGN,1.0,NORMAL,DEEP_ANALYSIS,Random Forest,False,True,False,False,True,True,True,True,True,RF+FedProx+CNN all BENIGN
129,41883,3,DoS Hulk,5,1,False,0,BENIGN,1.0,0.05595272406935692,0.04973047226667404,False,0,BENIGN,0.982298731803894,0,BENIGN,0.9966551065444946,0.013940664008259773,0,BENIGN,1.0,NORMAL,DEEP_ANALYSIS,Random Forest,False,True,False,False,True,True,True,True,True,RF+FedProx+CNN all BENIGN
136,41994,3,DoS Hulk,2,1,False,0,BENIGN,0.9961714744567871,0.14620698988437653,0.22298464179039001,False,0,BENIGN,0.9990482926368713,0,BENIGN,0.985675036907196,0.03951265290379524,0,BENIGN,0.9990482926368713,NORMAL,DEEP_ANALYSIS,FedProx70 MLP,False,True,False,False,True,True,True,True,True,RF+FedProx+CNN all BENIGN
139,42042,3,DoS Hulk,5,1,False,0,BENIGN,1.0,0.2518613040447235,0.2238529473543167,False,0,BENIGN,0.999047577381134,0,BENIGN,0.9483506083488464,0.051940955221652985,0,BENIGN,1.0,NORMAL,DEEP_ANALYSIS,Random Forest,False,True,False,False,True,True,True,True,True,RF+FedProx+CNN all BENIGN
142,42136,3,DoS Hulk,3,1,False,0,BENIGN,0.999783456325531,0.05609273165464401,0.09415045380592346,False,0,BENIGN,0.9899829030036926,0,BENIGN,0.9501898884773254,0.034604545682668686,0,BENIGN,0.999783456325531,NORMAL,DEEP_ANALYSIS,Random Forest,False,True,False,False,True,True,True,True,True,RF+FedProx+CNN all BENIGN
143,42159,3,DoS Hulk,4,1,False,0,BENIGN,1.0,0.02588132582604885,0.030062152072787285,False,0,BENIGN,0.9279372096061707,0,BENIGN,0.5279245376586914,0.19135458767414093,0,BENIGN,1.0,NORMAL,DEEP_ANALYSIS,Random Forest,False,True,False,False,True,True,True,True,True,RF+FedProx+CNN all BENIGN
149,42260,3,DoS Hulk,5,1,False,0,BENIGN,1.0,0.2518779933452606,0.22386778891086578,False,0,BENIGN,0.9990482926368713,0,BENIGN,0.9915927648544312,0.03680821508169174,0,BENIGN,1.0,NORMAL,DEEP_ANALYSIS,Random Forest,False,True,False,False,True,True,True,True,True,RF+FedProx+CNN all BENIGN
162,42468,3,DoS Hulk,3,1,False,0,BENIGN,0.999783456325531,0.12407107651233673,0.20825065672397614,False,0,BENIGN,0.999047577381134,0,BENIGN,0.9757635593414307,0.040049389004707336,0,BENIGN,0.999783456325531,NORMAL,DEEP_ANALYSIS,Random Forest,False,True,False,False,True,True,True,True,True,RF+FedProx+CNN all BENIGN
163,42478,3,DoS Hulk,4,1,False,0,BENIGN,1.0,0.060337819159030914,0.07008469104766846,False,0,BENIGN,0.989966630935669,0,BENIGN,0.9769859910011292,0.021577617153525352,0,BENIGN,1.0,NORMAL,DEEP_ANALYSIS,Random Forest,False,True,False,False,True,True,True,True,True,RF+FedProx+CNN all BENIGN
164,42487,3,DoS Hulk,5,1,False,0,BENIGN,1.0,0.02870122157037258,0.025509489700198174,False,0,BENIGN,0.9123127460479736,0,BENIGN,0.7418646812438965,0.12047995626926422,0,BENIGN,1.0,NORMAL,DEEP_ANALYSIS,Random Forest,False,True,False,False,True,True,True,True,True,RF+FedProx+CNN all BENIGN
169,42601,3,DoS Hulk,5,1,False,0,BENIGN,1.0,0.03676264360547066,0.03267443925142288,False,0,BENIGN,0.9765069484710693,0,BENIGN,0.9703936576843262,0.02231130376458168,0,BENIGN,1.0,NORMAL,DEEP_ANALYSIS,Random Forest,False,True,False,False,True,True,True,True,True,RF+FedProx+CNN all BENIGN
171,42624,3,DoS Hulk,2,1,False,0,BENIGN,1.0,0.023993749171495438,0.03659358248114586,False,0,BENIGN,0.9125660061836243,0,BENIGN,0.765064001083374,0.113946832716465,0,BENIGN,1.0,NORMAL,DEEP_ANALYSIS,Random Forest,False,True,False,False,True,True,True,True,True,RF+FedProx+CNN all BENIGN
172,42635,3,DoS Hulk,3,1,False,0,BENIGN,0.999783456325531,0.06138509139418602,0.10303356498479843,False,0,BENIGN,0.9947178959846497,0,BENIGN,0.9868196249008179,0.02169610559940338,0,BENIGN,0.999783456325531,NORMAL,DEEP_ANALYSIS,Random Forest,False,True,False,False,True,True,True,True,True,RF+FedProx+CNN all BENIGN
177,42780,3,DoS Hulk,3,1,False,0,BENIGN,0.999783456325531,0.061372239142656326,0.10301199555397034,False,0,BENIGN,0.9947094917297363,0,BENIGN,0.9010849595069885,0.05170252546668053,0,BENIGN,0.999783456325531,NORMAL,DEEP_ANALYSIS,Random Forest,False,True,False,False,True,True,True,True,True,RF+FedProx+CNN all BENIGN
181,42937,3,DoS Hulk,2,1,False,0,BENIGN,1.0,0.04806293174624443,0.07330220937728882,False,0,BENIGN,0.9947094917297363,0,BENIGN,0.9022552371025085,0.04679315164685249,0,BENIGN,1.0,NORMAL,DEEP_ANALYSIS,Random Forest,False,True,False,False,True,True,True,True,True,RF+FedProx+CNN all BENIGN
184,43020,3,DoS Hulk,5,1,False,0,BENIGN,0.9971354603767395,0.028867395594716072,0.025657182559370995,False,0,BENIGN,0.9364258646965027,0,BENIGN,0.8791640400886536,0.06578630954027176,0,BENIGN,0.9971354603767395,NORMAL,DEEP_ANALYSIS,Random Forest,False,True,False,False,True,True,True,True,True,RF+FedProx+CNN all BENIGN
187,43213,3,DoS Hulk,3,1,False,0,BENIGN,1.0,0.23509164154529572,0.39459630846977234,False,0,BENIGN,0.9655697345733643,0,BENIGN,0.9966027736663818,0.07070755958557129,0,BENIGN,1.0,NORMAL,DEEP_ANALYSIS,Random Forest,False,True,False,False,True,True,True,True,True,RF+FedProx+CNN all BENIGN
188,43219,3,DoS Hulk,4,1,False,0,BENIGN,1.0,0.06634632498025894,0.07706379890441895,False,0,BENIGN,0.9947178959846497,0,BENIGN,0.970091700553894,0.02361210621893406,0,BENIGN,1.0,NORMAL,DEEP_ANALYSIS,Random Forest,False,True,False,False,True,True,True,True,True,RF+FedProx+CNN all BENIGN
189,43243,3,DoS Hulk,5,1,False,0,BENIGN,1.0,0.06898996978998184,0.06131790950894356,False,0,BENIGN,0.9947094917297363,0,BENIGN,0.860027015209198,0.05977538228034973,0,BENIGN,1.0,NORMAL,DEEP_ANALYSIS,Random Forest,False,True,False,False,True,True,True,True,True,RF+FedProx+CNN all BENIGN
191,43356,3,DoS Hulk,2,1,False,0,BENIGN,1.0,0.024037158116698265,0.036659788340330124,False,0,BENIGN,0.9287742376327515,0,BENIGN,0.8088429570198059,0.09377165883779526,0,BENIGN,1.0,NORMAL,DEEP_ANALYSIS,Random Forest,False,True,False,False,True,True,True,True,True,RF+FedProx+CNN all BENIGN
192,43377,3,DoS Hulk,3,1,False,0,BENIGN,0.999783456325531,0.06138511374592781,0.10303360968828201,False,0,BENIGN,0.9947178959846497,0,BENIGN,0.9369370341300964,0.0391550213098526,0,BENIGN,0.999783456325531,NORMAL,DEEP_ANALYSIS,Random Forest,False,True,False,False,True,True,True,True,True,RF+FedProx+CNN all BENIGN
193,43415,3,DoS Hulk,4,1,False,0,BENIGN,1.0,0.02476058527827263,0.028760366141796112,False,0,BENIGN,0.9319038391113281,0,BENIGN,0.8583547472953796,0.07431874424219131,0,BENIGN,1.0,NORMAL,DEEP_ANALYSIS,Random Forest,False,True,False,False,True,True,True,True,True,RF+FedProx+CNN all BENIGN
194,43448,3,DoS Hulk,5,1,False,0,BENIGN,1.0,0.2518613040447235,0.2238529473543167,False,0,BENIGN,0.999047577381134,0,BENIGN,0.9646898508071899,0.046222224831581116,0,BENIGN,1.0,NORMAL,DEEP_ANALYSIS,Random Forest,False,True,False,False,True,True,True,True,True,RF+FedProx+CNN all BENIGN
196,43509,3,DoS Hulk,2,1,False,0,BENIGN,0.9757389426231384,0.023988479748368263,0.036585547029972076,False,0,BENIGN,0.9122028946876526,0,BENIGN,0.6784059405326843,0.14923709630966187,0,BENIGN,0.9757389426231384,NORMAL,DEEP_ANALYSIS,Random Forest,False,True,False,False,True,True,True,True,True,RF+FedProx+CNN all BENIGN
197,43524,3,DoS Hulk,3,1,False,0,BENIGN,1.0,0.23505717515945435,0.3945384621620178,False,0,BENIGN,0.965579628944397,0,BENIGN,0.9991523027420044,0.06980357319116592,0,BENIGN,1.0,NORMAL,DEEP_ANALYSIS,Random Forest,False,True,False,False,True,True,True,True,True,RF+FedProx+CNN all BENIGN
198,43567,3,DoS Hulk,4,1,False,0,BENIGN,1.0,0.06634867936372757,0.07706652581691742,False,0,BENIGN,0.9946905970573425,0,BENIGN,0.9749240279197693,0.021929390728473663,0,BENIGN,1.0,NORMAL,DEEP_ANALYSIS,Random Forest,False,True,False,False,True,True,True,True,True,RF+FedProx+CNN all BENIGN
199,43604,3,DoS Hulk,5,1,False,0,BENIGN,0.9950180649757385,0.08293591439723969,0.07371298968791962,False,0,BENIGN,0.9340924620628357,0,BENIGN,0.9999037981033325,0.03185926750302315,0,BENIGN,0.9999037981033325,NORMAL,DEEP_ANALYSIS,CNN-BiLSTM,False,True,False,False,True,True,True,True,True,RF+FedProx+CNN all BENIGN
397,3151,1,DDoS,3,2,False,0,BENIGN,1.0,0.257184237241745,0.43167826533317566,False,0,BENIGN,0.9984361529350281,0,BENIGN,0.9891987442970276,0.06900133937597275,0,BENIGN,1.0,NORMAL,DEEP_ANALYSIS,Random Forest,False,True,False,False,True,True,True,True,True,RF+FedProx+CNN all BENIGN
400,5496,5,PortScan,1,3,False,0,BENIGN,0.9997889399528503,0.043889209628105164,0.04757517948746681,False,0,BENIGN,0.8851560354232788,0,BENIGN,0.9470134377479553,0.06017697602510452,0,BENIGN,0.9997889399528503,NORMAL,DEEP_ANALYSIS,Random Forest,False,True,False,False,True,True,True,True,True,RF+FedProx+CNN all BENIGN
401,5500,5,PortScan,2,3,False,0,BENIGN,1.0,0.031448401510715485,0.047962892800569534,False,0,BENIGN,0.9528501629829407,0,BENIGN,0.997318685054779,0.022277846932411194,0,BENIGN,1.0,NORMAL,DEEP_ANALYSIS,Random Forest,False,True,False,False,True,True,True,True,True,RF+FedProx+CNN all BENIGN
403,5530,5,PortScan,4,3,False,0,BENIGN,1.0,0.025376932695508003,0.029476279392838478,False,0,BENIGN,0.9489128589630127,0,BENIGN,0.9977787137031555,0.02052503637969494,0,BENIGN,1.0,NORMAL,DEEP_ANALYSIS,Random Forest,False,True,False,False,True,True,True,True,True,RF+FedProx+CNN all BENIGN
404,5535,5,PortScan,5,3,False,0,BENIGN,1.0,0.044854067265987396,0.03986604884266853,False,0,BENIGN,0.754643976688385,0,BENIGN,0.9527989625930786,0.09610708057880402,0,BENIGN,1.0,NORMAL,DEEP_ANALYSIS,Random Forest,False,True,False,False,True,True,True,True,True,RF+FedProx+CNN all BENIGN
405,5562,5,PortScan,1,3,False,0,BENIGN,0.9997889399528503,0.04692142829298973,0.05086205527186394,False,0,BENIGN,0.9623054265975952,0,BENIGN,0.9468080997467041,0.03759705647826195,0,BENIGN,0.9997889399528503,NORMAL,DEEP_ANALYSIS,Random Forest,False,True,False,False,True,True,True,True,True,RF+FedProx+CNN all BENIGN
406,5579,5,PortScan,2,3,False,0,BENIGN,1.0,0.04056520760059357,0.061867207288742065,False,0,BENIGN,0.6464443206787109,0,BENIGN,0.9318966269493103,0.13918298482894897,0,BENIGN,1.0,NORMAL,DEEP_ANALYSIS,Random Forest,False,True,False,False,True,True,True,True,True,RF+FedProx+CNN all BENIGN
408,5607,5,PortScan,4,3,False,0,BENIGN,1.0,0.02615656517446041,0.03038185089826584,False,0,BENIGN,0.8987919092178345,0,BENIGN,0.9544840455055237,0.050850290805101395,0,BENIGN,1.0,NORMAL,DEEP_ANALYSIS,Random Forest,False,True,False,False,True,True,True,True,True,RF+FedProx+CNN all BENIGN
409,5618,5,PortScan,5,3,False,0,BENIGN,1.0,0.06544418632984161,0.05816643685102463,False,0,BENIGN,0.9965406060218811,0,BENIGN,0.9775617718696594,0.017616163939237595,0,BENIGN,1.0,NORMAL,DEEP_ANALYSIS,Random Forest,False,True,False,False,True,True,True,True,True,RF+FedProx+CNN all BENIGN
410,5626,5,PortScan,1,3,False,0,BENIGN,0.9997889399528503,0.044322043657302856,0.048044364899396896,False,0,BENIGN,0.9064342975616455,0,BENIGN,0.9492270350456238,0.053089119493961334,0,BENIGN,0.9997889399528503,NORMAL,DEEP_ANALYSIS,Random Forest,False,True,False,False,True,True,True,True,True,RF+FedProx+CNN all BENIGN
411,5627,5,PortScan,2,3,False,0,BENIGN,1.0,0.022418316453695297,0.034190841019153595,False,0,BENIGN,0.892737865447998,0,BENIGN,0.9493972063064575,0.055018242448568344,0,BENIGN,1.0,NORMAL,DEEP_ANALYSIS,Random Forest,False,True,False,False,True,True,True,True,True,RF+FedProx+CNN all BENIGN
413,5656,5,PortScan,4,3,False,0,BENIGN,1.0,0.03024495393037796,0.03513067215681076,False,0,BENIGN,0.8113200664520264,0,BENIGN,0.9566130638122559,0.07705901563167572,0,BENIGN,1.0,NORMAL,DEEP_ANALYSIS,Random Forest,False,True,False,False,True,True,True,True,True,RF+FedProx+CNN all BENIGN
414,5664,5,PortScan,5,3,False,0,BENIGN,1.0,0.02594052255153656,0.023055793717503548,False,0,BENIGN,0.9015305042266846,0,BENIGN,0.9999868869781494,0.033003807067871094,0,BENIGN,1.0,NORMAL,DEEP_ANALYSIS,Random Forest,False,True,False,False,True,True,True,True,True,RF+FedProx+CNN all BENIGN
415,5670,5,PortScan,1,3,False,0,BENIGN,0.9997889399528503,0.04412619397044182,0.04783206805586815,False,0,BENIGN,0.8965515494346619,0,BENIGN,0.9525737166404724,0.054850757122039795,0,BENIGN,0.9997889399528503,NORMAL,DEEP_ANALYSIS,Random Forest,False,True,False,False,True,True,True,True,True,RF+FedProx+CNN all BENIGN
416,5677,5,PortScan,2,3,False,0,BENIGN,1.0,0.01882878690958023,0.028716344386339188,False,0,BENIGN,0.9059302806854248,0,BENIGN,0.9427917003631592,0.0525512732565403,0,BENIGN,1.0,NORMAL,DEEP_ANALYSIS,Random Forest,False,True,False,False,True,True,True,True,True,RF+FedProx+CNN all BENIGN
418,5777,5,PortScan,4,3,False,0,BENIGN,1.0,0.025062741711735725,0.029111335054039955,False,0,BENIGN,0.9409959316253662,0,BENIGN,0.9521690011024475,0.03880877047777176,0,BENIGN,1.0,NORMAL,DEEP_ANALYSIS,Random Forest,False,True,False,False,True,True,True,True,True,RF+FedProx+CNN all BENIGN
419,5787,5,PortScan,5,3,False,0,BENIGN,1.0,0.09807899594306946,0.08717207610607147,False,0,BENIGN,0.6050843000411987,0,BENIGN,0.9507103562355042,0.14880190789699554,0,BENIGN,1.0,NORMAL,DEEP_ANALYSIS,Random Forest,False,True,False,False,True,True,True,True,True,RF+FedProx+CNN all BENIGN
420,5800,5,PortScan,1,3,False,0,BENIGN,0.9997889399528503,0.04387897998094559,0.04756408929824829,False,0,BENIGN,0.8754146099090576,0,BENIGN,0.937487781047821,0.06643172353506088,0,BENIGN,0.9997889399528503,NORMAL,DEEP_ANALYSIS,Random Forest,False,True,False,False,True,True,True,True,True,RF+FedProx+CNN all BENIGN
421,5810,5,PortScan,2,3,False,0,BENIGN,1.0,0.01911669597029686,0.029155442491173744,False,0,BENIGN,0.8544921278953552,0,BENIGN,0.6019619107246399,0.18733900785446167,0,BENIGN,1.0,NORMAL,DEEP_ANALYSIS,Random Forest,False,True,False,False,True,True,True,True,True,RF+FedProx+CNN all BENIGN
423,5827,5,PortScan,4,3,False,0,BENIGN,1.0,0.02714969404041767,0.03153540939092636,False,0,BENIGN,0.9167323708534241,0,BENIGN,0.9496141076087952,0.047345664352178574,0,BENIGN,1.0,NORMAL,DEEP_ANALYSIS,Random Forest,False,True,False,False,True,True,True,True,True,RF+FedProx+CNN all BENIGN
424,5841,5,PortScan,5,3,False,0,BENIGN,1.0,0.023494059219956398,0.020881392061710358,False,0,BENIGN,0.9032925963401794,0,BENIGN,0.9934758543968201,0.03442788124084473,0,BENIGN,1.0,NORMAL,DEEP_ANALYSIS,Random Forest,False,True,False,False,True,True,True,True,True,RF+FedProx+CNN all BENIGN
425,5854,5,PortScan,1,3,False,0,BENIGN,0.9997889399528503,0.04593537002801895,0.04979318380355835,False,0,BENIGN,0.9192686676979065,0,BENIGN,0.957115888595581,0.04674002528190613,0,BENIGN,0.9997889399528503,NORMAL,DEEP_ANALYSIS,Random Forest,False,True,False,False,True,True,True,True,True,RF+FedProx+CNN all BENIGN
426,5873,5,PortScan,2,3,False,0,BENIGN,1.0,0.023318519815802574,0.035563766956329346,False,0,BENIGN,0.9252644777297974,0,BENIGN,0.9403858184814453,0.04862018674612045,0,BENIGN,1.0,NORMAL,DEEP_ANALYSIS,Random Forest,False,True,False,False,True,True,True,True,True,RF+FedProx+CNN all BENIGN
428,5900,5,PortScan,4,3,False,0,BENIGN,1.0,0.028869949281215668,0.033533550798892975,False,0,BENIGN,0.8270570635795593,0,BENIGN,0.9370871186256409,0.07893242686986923,0,BENIGN,1.0,NORMAL,DEEP_ANALYSIS,Random Forest,False,True,False,False,True,True,True,True,True,RF+FedProx+CNN all BENIGN
429,5911,5,PortScan,5,3,False,0,BENIGN,1.0,0.12688088417053223,0.11277104169130325,False,0,BENIGN,0.998392641544342,0,BENIGN,0.9702746272087097,0.027801744639873505,0,BENIGN,1.0,NORMAL,DEEP_ANALYSIS,Random Forest,False,True,False,False,True,True,True,True,True,RF+FedProx+CNN all BENIGN
430,5935,5,PortScan,1,3,False,0,BENIGN,0.9997889399528503,0.045985590666532516,0.049847621470689774,False,0,BENIGN,0.9197817444801331,0,BENIGN,0.9962241649627686,0.03290637582540512,0,BENIGN,0.9997889399528503,NORMAL,DEEP_ANALYSIS,Random Forest,False,True,False,False,True,True,True,True,True,RF+FedProx+CNN all BENIGN
431,5943,5,PortScan,2,3,False,0,BENIGN,1.0,0.062455885112285614,0.09525333344936371,False,0,BENIGN,0.9867194294929504,0,BENIGN,0.9984097480773926,0.01882876083254814,0,BENIGN,1.0,NORMAL,DEEP_ANALYSIS,Random Forest,False,True,False,False,True,True,True,True,True,RF+FedProx+CNN all BENIGN
433,5967,5,PortScan,4,3,False,0,BENIGN,1.0,0.05923471972346306,0.06880339235067368,False,0,BENIGN,0.9959546327590942,0,BENIGN,0.9693211317062378,0.022271722555160522,0,BENIGN,1.0,NORMAL,DEEP_ANALYSIS,Random Forest,False,True,False,False,True,True,True,True,True,RF+FedProx+CNN all BENIGN
434,5987,5,PortScan,5,3,False,0,BENIGN,1.0,0.026174042373895645,0.023263344541192055,False,0,BENIGN,0.8995139598846436,0,BENIGN,0.9594465494155884,0.04782902076840401,0,BENIGN,1.0,NORMAL,DEEP_ANALYSIS,Random Forest,False,True,False,False,True,True,True,True,True,RF+FedProx+CNN all BENIGN
435,6000,5,PortScan,1,3,False,0,BENIGN,0.9997889399528503,0.04574018716812134,0.049581605941057205,False,0,BENIGN,0.9285094141960144,0,BENIGN,0.94327712059021,0.04877963289618492,0,BENIGN,0.9997889399528503,NORMAL,DEEP_ANALYSIS,Random Forest,False,True,False,False,True,True,True,True,True,RF+FedProx+CNN all BENIGN
436,6004,5,PortScan,2,3,False,0,BENIGN,1.0,0.01857234351336956,0.028325235471129417,False,0,BENIGN,0.8964441418647766,0,BENIGN,0.9420529007911682,0.055597029626369476,0,BENIGN,1.0,NORMAL,DEEP_ANALYSIS,Random Forest,False,True,False,False,True,True,True,True,True,RF+FedProx+CNN all BENIGN
438,6015,5,PortScan,4,3,False,0,BENIGN,1.0,0.024907806888222694,0.028931371867656708,False,0,BENIGN,0.9315053224563599,0,BENIGN,0.9268900752067566,0.05047658458352089,0,BENIGN,1.0,NORMAL,DEEP_ANALYSIS,Random Forest,False,True,False,False,True,True,True,True,True,RF+FedProx+CNN all BENIGN
439,6021,5,PortScan,5,3,False,0,BENIGN,1.0,0.02334802970290184,0.020751599222421646,False,0,BENIGN,0.9338272213935852,0,BENIGN,0.9446292519569397,0.042344335466623306,0,BENIGN,1.0,NORMAL,DEEP_ANALYSIS,Random Forest,False,True,False,False,True,True,True,True,True,RF+FedProx+CNN all BENIGN
440,6033,5,PortScan,1,3,False,0,BENIGN,0.9929043650627136,0.04541132599115372,0.049225129187107086,False,0,BENIGN,0.9527794718742371,0,BENIGN,0.945246160030365,0.0421328991651535,0,BENIGN,0.9929043650627136,NORMAL,DEEP_ANALYSIS,Random Forest,False,True,False,False,True,True,True,True,True,RF+FedProx+CNN all BENIGN
441,6082,5,PortScan,2,3,False,0,BENIGN,1.0,0.02200436405837536,0.033559512346982956,False,0,BENIGN,0.9094372987747192,0,BENIGN,0.9564733505249023,0.04743706434965134,0,BENIGN,1.0,NORMAL,DEEP_ANALYSIS,Random Forest,False,True,False,False,True,True,True,True,True,RF+FedProx+CNN all BENIGN
443,6147,5,PortScan,4,3,False,0,BENIGN,1.0,0.06074422597885132,0.07055674493312836,False,0,BENIGN,0.9947414398193359,0,BENIGN,0.9694264531135559,0.022861821576952934,0,BENIGN,1.0,NORMAL,DEEP_ANALYSIS,Random Forest,False,True,False,False,True,True,True,True,True,RF+FedProx+CNN all BENIGN
444,6155,5,PortScan,5,3,False,0,BENIGN,1.0,0.026574350893497467,0.023619137704372406,False,0,BENIGN,0.9382054805755615,0,BENIGN,0.9470409154891968,0.04061690717935562,0,BENIGN,1.0,NORMAL,DEEP_ANALYSIS,Random Forest,False,True,False,False,True,True,True,True,True,RF+FedProx+CNN all BENIGN
445,6174,5,PortScan,1,3,False,0,BENIGN,0.9997889399528503,0.04679594188928604,0.0507260300219059,False,0,BENIGN,0.9265350103378296,0,BENIGN,0.9407246112823486,0.05043699964880943,0,BENIGN,0.9997889399528503,NORMAL,DEEP_ANALYSIS,Random Forest,False,True,False,False,True,True,True,True,True,RF+FedProx+CNN all BENIGN
446,6181,5,PortScan,2,3,False,0,BENIGN,1.0,0.021483715623617172,0.032765455543994904,False,0,BENIGN,0.8991565108299255,0,BENIGN,0.941774845123291,0.05554667115211487,0,BENIGN,1.0,NORMAL,DEEP_ANALYSIS,Random Forest,False,True,False,False,True,True,True,True,True,RF+FedProx+CNN all BENIGN
448,6247,5,PortScan,4,3,False,0,BENIGN,1.0,0.025572415441274643,0.02970333956182003,False,0,BENIGN,0.897391140460968,0,BENIGN,0.9231727719306946,0.06212768703699112,0,BENIGN,1.0,NORMAL,DEEP_ANALYSIS,Random Forest,False,True,False,False,True,True,True,True,True,RF+FedProx+CNN all BENIGN
449,6281,5,PortScan,5,3,False,0,BENIGN,1.0,0.023073464632034302,0.02050756849348545,False,0,BENIGN,0.9204565286636353,0,BENIGN,0.9379045367240906,0.04867259040474892,0,BENIGN,1.0,NORMAL,DEEP_ANALYSIS,Random Forest,False,True,False,False,True,True,True,True,True,RF+FedProx+CNN all BENIGN
450,6297,5,PortScan,1,3,False,0,BENIGN,0.9997889399528503,0.043862104415893555,0.04754579812288284,False,0,BENIGN,0.8765498995780945,0,BENIGN,0.9967880249023438,0.04533330723643303,0,BENIGN,0.9997889399528503,NORMAL,DEEP_ANALYSIS,Random Forest,False,True,False,False,True,True,True,True,True,RF+FedProx+CNN all BENIGN
451,6299,5,PortScan,2,3,False,0,BENIGN,1.0,0.021111221984028816,0.03219735249876976,False,0,BENIGN,0.9366346001625061,0,BENIGN,0.9512746334075928,0.040893103927373886,0,BENIGN,1.0,NORMAL,DEEP_ANALYSIS,Random Forest,False,True,False,False,True,True,True,True,True,RF+FedProx+CNN all BENIGN
453,6320,5,PortScan,4,3,False,0,BENIGN,1.0,0.02535395137965679,0.0294495839625597,False,0,BENIGN,0.8821617960929871,0,BENIGN,0.9461396932601929,0.05862000957131386,0,BENIGN,1.0,NORMAL,DEEP_ANALYSIS,Random Forest,False,True,False,False,True,True,True,True,True,RF+FedProx+CNN all BENIGN
454,6349,5,PortScan,5,3,False,0,BENIGN,1.0,0.024814603850245476,0.022055083885788918,False,0,BENIGN,0.8784511089324951,0,BENIGN,0.9426059722900391,0.05986084043979645,0,BENIGN,1.0,NORMAL,DEEP_ANALYSIS,Random Forest,False,True,False,False,True,True,True,True,True,RF+FedProx+CNN all BENIGN
455,6357,5,PortScan,1,3,False,0,BENIGN,0.9997889399528503,0.044579047709703445,0.048322953283786774,False,0,BENIGN,0.9130515456199646,0,BENIGN,0.9766350984573364,0.04155290499329567,0,BENIGN,0.9997889399528503,NORMAL,DEEP_ANALYSIS,Random Forest,False,True,False,False,True,True,True,True,True,RF+FedProx+CNN all BENIGN
456,6370,5,PortScan,2,3,False,0,BENIGN,1.0,0.020465387031435966,0.031212372705340385,False,0,BENIGN,0.8991647958755493,0,BENIGN,0.9973614811897278,0.03585590049624443,0,BENIGN,1.0,NORMAL,DEEP_ANALYSIS,Random Forest,False,True,False,False,True,True,True,True,True,RF+FedProx+CNN all BENIGN
458,6419,5,PortScan,4,3,False,0,BENIGN,1.0,0.02500065788626671,0.02903922088444233,False,0,BENIGN,0.8939140439033508,0,BENIGN,0.9645271301269531,0.04859717935323715,0,BENIGN,1.0,NORMAL,DEEP_ANALYSIS,Random Forest,False,True,False,False,True,True,True,True,True,RF+FedProx+CNN all BENIGN
459,6443,5,PortScan,5,3,False,0,BENIGN,1.0,0.02593100257217884,0.02304733358323574,False,0,BENIGN,0.8950650691986084,0,BENIGN,0.9770327806472778,0.042976103723049164,0,BENIGN,1.0,NORMAL,DEEP_ANALYSIS,Random Forest,False,True,False,False,True,True,True,True,True,RF+FedProx+CNN all BENIGN
460,6461,5,PortScan,1,3,False,0,BENIGN,0.9997889399528503,0.044171612709760666,0.04788130149245262,False,0,BENIGN,0.8995252251625061,0,BENIGN,0.9323725700378418,0.06103644147515297,0,BENIGN,0.9997889399528503,NORMAL,DEEP_ANALYSIS,Random Forest,False,True,False,False,True,True,True,True,True,RF+FedProx+CNN all BENIGN
504,7369,5,PortScan,5,3,False,0,BENIGN,1.0,0.26207831501960754,0.23293375968933105,False,0,BENIGN,0.9994481205940247,0,BENIGN,0.722165584564209,0.13234767317771912,0,BENIGN,1.0,NORMAL,DEEP_ANALYSIS,Random Forest,False,True,False,False,True,True,True,True,True,RF+FedProx+CNN all BENIGN
506,7380,5,PortScan,2,3,False,0,BENIGN,1.0,0.11529281735420227,0.17583651840686798,False,0,BENIGN,0.9991557598114014,0,BENIGN,0.9778277277946472,0.03438904508948326,0,BENIGN,1.0,NORMAL,DEEP_ANALYSIS,Random Forest,False,True,False,False,True,True,True,True,True,RF+FedProx+CNN all BENIGN
580,8805,5,PortScan,1,3,False,0,BENIGN,0.9997889399528503,0.04686613753437996,0.05080212280154228,False,0,BENIGN,0.9511868357658386,0,BENIGN,0.9984449744224548,0.02285074070096016,0,BENIGN,0.9997889399528503,NORMAL,DEEP_ANALYSIS,Random Forest,False,True,False,False,True,True,True,True,True,RF+FedProx+CNN all BENIGN
581,8862,5,PortScan,2,3,False,0,BENIGN,1.0,0.021681172773241997,0.033066604286432266,False,0,BENIGN,0.8047757148742676,0,BENIGN,0.9527908563613892,0.08005048334598541,0,BENIGN,1.0,NORMAL,DEEP_ANALYSIS,Random Forest,False,True,False,False,True,True,True,True,True,RF+FedProx+CNN all BENIGN
583,8955,5,PortScan,4,3,False,0,BENIGN,1.0,0.02456630952656269,0.02853471040725708,False,0,BENIGN,0.9077167510986328,0,BENIGN,0.9999434947967529,0.03198495879769325,0,BENIGN,1.0,NORMAL,DEEP_ANALYSIS,Random Forest,False,True,False,False,True,True,True,True,True,RF+FedProx+CNN all BENIGN
584,8960,5,PortScan,5,3,False,0,BENIGN,1.0,0.027308300137519836,0.024271467700600624,False,0,BENIGN,0.9173527359962463,0,BENIGN,0.9993958473205566,0.028646353632211685,0,BENIGN,1.0,NORMAL,DEEP_ANALYSIS,Random Forest,False,True,False,False,True,True,True,True,True,RF+FedProx+CNN all BENIGN
585,8969,5,PortScan,1,3,False,0,BENIGN,0.9997889399528503,0.17220640182495117,0.18666890263557434,False,0,BENIGN,0.9994357228279114,0,BENIGN,0.9751549959182739,0.036907583475112915,0,BENIGN,0.9997889399528503,NORMAL,DEEP_ANALYSIS,Random Forest,False,True,False,False,True,True,True,True,True,RF+FedProx+CNN all BENIGN
586,8984,5,PortScan,2,3,False,0,BENIGN,1.0,0.023570653051137924,0.03594830259680748,False,0,BENIGN,0.9442474842071533,0,BENIGN,0.99782395362854,0.022879619151353836,0,BENIGN,1.0,NORMAL,DEEP_ANALYSIS,Random Forest,False,True,False,False,True,True,True,True,True,RF+FedProx+CNN all BENIGN
588,9014,5,PortScan,4,3,False,0,BENIGN,1.0,0.02751876227557659,0.031964097172021866,False,0,BENIGN,0.9629406332969666,0,BENIGN,0.9568396210670471,0.031018557026982307,0,BENIGN,1.0,NORMAL,DEEP_ANALYSIS,Random Forest,False,True,False,False,True,True,True,True,True,RF+FedProx+CNN all BENIGN
589,9018,5,PortScan,5,3,False,0,BENIGN,1.0,0.12725898623466492,0.1131070926785469,False,0,BENIGN,0.9987205862998962,0,BENIGN,0.9667149186134338,0.02899966761469841,0,BENIGN,1.0,NORMAL,DEEP_ANALYSIS,Random Forest,False,True,False,False,True,True,True,True,True,RF+FedProx+CNN all BENIGN
590,9032,5,PortScan,1,3,False,0,BENIGN,0.9997889399528503,0.04392027109861374,0.04760885238647461,False,0,BENIGN,0.8872610926628113,0,BENIGN,0.9736541509628296,0.05022625997662544,0,BENIGN,0.9997889399528503,NORMAL,DEEP_ANALYSIS,Random Forest,False,True,False,False,True,True,True,True,True,RF+FedProx+CNN all BENIGN
591,9102,5,PortScan,2,3,False,0,BENIGN,1.0,0.10501302033662796,0.16015848517417908,False,0,BENIGN,0.9986943602561951,0,BENIGN,0.9737170934677124,0.03361448273062706,0,BENIGN,1.0,NORMAL,DEEP_ANALYSIS,Random Forest,False,True,False,False,True,True,True,True,True,RF+FedProx+CNN all BENIGN
593,9130,5,PortScan,4,3,False,0,BENIGN,1.0,0.024943239986896515,0.028972528874874115,False,0,BENIGN,0.9251995086669922,0,BENIGN,0.9462404251098633,0.04560187831521034,0,BENIGN,1.0,NORMAL,DEEP_ANALYSIS,Random Forest,False,True,False,False,True,True,True,True,True,RF+FedProx+CNN all BENIGN
594,9139,5,PortScan,5,3,False,0,BENIGN,1.0,0.08725903183221817,0.077555350959301,False,0,BENIGN,0.6460097432136536,0,BENIGN,0.9478092789649963,0.13609713315963745,0,BENIGN,1.0,NORMAL,DEEP_ANALYSIS,Random Forest,False,True,False,False,True,True,True,True,True,RF+FedProx+CNN all BENIGN
595,9144,5,PortScan,1,3,False,0,BENIGN,0.9997889399528503,0.044040534645318985,0.047739215195178986,False,0,BENIGN,0.8708614706993103,0,BENIGN,0.9331827163696289,0.06933069974184036,0,BENIGN,0.9997889399528503,NORMAL,DEEP_ANALYSIS,Random Forest,False,True,False,False,True,True,True,True,True,RF+FedProx+CNN all BENIGN
596,9160,5,PortScan,2,3,False,0,BENIGN,1.0,0.03163514658808708,0.04824770614504814,False,0,BENIGN,0.6587706208229065,0,BENIGN,0.9574314951896667,0.124504953622818,0,BENIGN,1.0,NORMAL,DEEP_ANALYSIS,Random Forest,False,True,False,False,True,True,True,True,True,RF+FedProx+CNN all BENIGN
598,9215,5,PortScan,4,3,False,0,BENIGN,1.0,0.0614294707775116,0.07135267555713654,False,0,BENIGN,0.9938181042671204,0,BENIGN,0.9500805735588074,0.03002927079796791,0,BENIGN,1.0,NORMAL,DEEP_ANALYSIS,Random Forest,False,True,False,False,True,True,True,True,True,RF+FedProx+CNN all BENIGN
599,9222,5,PortScan,5,3,False,0,BENIGN,1.0,0.02353418990969658,0.020917057991027832,False,0,BENIGN,0.8985674381256104,0,BENIGN,0.9351707696914673,0.05625756084918976,0,BENIGN,1.0,NORMAL,DEEP_ANALYSIS,Random Forest,False,True,False,False,True,True,True,True,True,RF+FedProx+CNN all BENIGN
609,43623,2,DoS GoldenEye,5,4,False,0,BENIGN,1.0,0.425038605928421,0.3777719736099243,False,0,BENIGN,0.9862746596336365,0,BENIGN,0.9998430013656616,0.06083834916353226,0,BENIGN,1.0,NORMAL,DEEP_ANALYSIS,Random Forest,False,True,False,False,True,True,True,True,True,RF+FedProx+CNN all BENIGN
610,43624,2,DoS GoldenEye,1,4,False,0,BENIGN,0.987927258014679,0.07968984544277191,0.08638247847557068,False,0,BENIGN,0.8868845105171204,0,BENIGN,0.9997647404670715,0.049388907849788666,0,BENIGN,0.9997647404670715,NORMAL,DEEP_ANALYSIS,CNN-BiLSTM,False,True,False,False,True,True,True,True,True,RF+FedProx+CNN all BENIGN
611,43627,2,DoS GoldenEye,2,4,False,0,BENIGN,1.0,0.06668834388256073,0.10170838236808777,False,0,BENIGN,0.9834398031234741,0,BENIGN,0.9969647526741028,0.021286653354763985,0,BENIGN,1.0,NORMAL,DEEP_ANALYSIS,Random Forest,False,True,False,False,True,True,True,True,True,RF+FedProx+CNN all BENIGN
612,43641,2,DoS GoldenEye,3,4,False,0,BENIGN,0.9950000047683716,0.020898805931210518,0.035078201442956924,False,0,BENIGN,0.9892281293869019,0,BENIGN,0.8330366015434265,0.06793047487735748,0,BENIGN,0.9950000047683716,NORMAL,DEEP_ANALYSIS,Random Forest,False,True,False,False,True,True,True,True,True,RF+FedProx+CNN all BENIGN
614,43644,2,DoS GoldenEye,5,4,False,0,BENIGN,1.0,0.5239434242248535,0.46567806601524353,False,0,BENIGN,0.9923558235168457,0,BENIGN,0.9990014433860779,0.07249446213245392,0,BENIGN,1.0,NORMAL,DEEP_ANALYSIS,Random Forest,False,True,False,False,True,True,True,True,True,RF+FedProx+CNN all BENIGN
626,43667,2,DoS GoldenEye,2,4,False,0,BENIGN,0.9410673975944519,0.40701982378959656,0.620758056640625,False,0,BENIGN,0.9920079708099365,0,BENIGN,0.9973262548446655,0.10823365300893784,0,BENIGN,0.9973262548446655,NORMAL,DEEP_ANALYSIS,CNN-BiLSTM,False,True,False,False,True,True,True,True,True,RF+FedProx+CNN all BENIGN
627,43670,2,DoS GoldenEye,3,4,False,0,BENIGN,0.9900000095367432,0.09252315759658813,0.1552981436252594,False,0,BENIGN,0.8879776000976562,0,BENIGN,0.8953239321708679,0.09553807228803635,0,BENIGN,0.9900000095367432,NORMAL,DEEP_ANALYSIS,Random Forest,False,True,False,False,True,True,True,True,True,RF+FedProx+CNN all BENIGN
634,43679,2,DoS GoldenEye,5,4,False,0,BENIGN,1.0,0.08493701368570328,0.07549155503511429,False,0,BENIGN,0.9815690517425537,0,BENIGN,0.9995124340057373,0.017023665830492973,0,BENIGN,1.0,NORMAL,DEEP_ANALYSIS,Random Forest,False,True,False,False,True,True,True,True,True,RF+FedProx+CNN all BENIGN
645,43705,2,DoS GoldenEye,1,4,False,0,BENIGN,0.9843811392784119,0.0966578871011734,0.1047755554318428,False,0,BENIGN,0.5245766043663025,0,BENIGN,0.8190895915031433,0.22478577494621277,0,BENIGN,0.9843811392784119,LOW,DEEP_ANALYSIS,Random Forest,False,True,False,False,True,True,True,True,True,RF+FedProx+CNN all BENIGN
649,43717,2,DoS GoldenEye,5,4,False,0,BENIGN,1.0,0.20220820605754852,0.17972154915332794,False,0,BENIGN,0.9980607628822327,0,BENIGN,0.9972865581512451,0.02848970890045166,0,BENIGN,1.0,NORMAL,DEEP_ANALYSIS,Random Forest,False,True,False,False,True,True,True,True,True,RF+FedProx+CNN all BENIGN
650,43719,2,DoS GoldenEye,1,4,False,0,BENIGN,0.9950000047683716,0.0805523544549942,0.08731742203235626,False,0,BENIGN,0.9150341153144836,0,BENIGN,0.9785539507865906,0.04709349572658539,0,BENIGN,0.9950000047683716,NORMAL,DEEP_ANALYSIS,Random Forest,False,True,False,False,True,True,True,True,True,RF+FedProx+CNN all BENIGN
654,43723,2,DoS GoldenEye,5,4,False,0,BENIGN,1.0,0.3905019760131836,0.3470759987831116,False,0,BENIGN,0.9943920969963074,0,BENIGN,0.9979119896888733,0.05447457730770111,0,BENIGN,1.0,NORMAL,DEEP_ANALYSIS,Random Forest,False,True,False,False,True,True,True,True,True,RF+FedProx+CNN all BENIGN
661,43734,2,DoS GoldenEye,2,4,False,0,BENIGN,1.0,0.06086418405175209,0.09282577782869339,False,0,BENIGN,0.9340779781341553,0,BENIGN,0.9997310042381287,0.033794622868299484,0,BENIGN,1.0,NORMAL,DEEP_ANALYSIS,Random Forest,False,True,False,False,True,True,True,True,True,RF+FedProx+CNN all BENIGN
664,43739,2,DoS GoldenEye,5,4,False,0,BENIGN,0.9950180649757385,0.08293592184782028,0.07371298968791962,False,0,BENIGN,0.9341001510620117,0,BENIGN,0.9999741315841675,0.03183234483003616,0,BENIGN,0.9999741315841675,NORMAL,DEEP_ANALYSIS,CNN-BiLSTM,False,True,False,False,True,True,True,True,True,RF+FedProx+CNN all BENIGN
666,43742,2,DoS GoldenEye,2,4,False,0,BENIGN,1.0,0.06099558249115944,0.09302618354558945,False,0,BENIGN,0.9340977668762207,0,BENIGN,0.9992800354957581,0.033976584672927856,0,BENIGN,1.0,NORMAL,DEEP_ANALYSIS,Random Forest,False,True,False,False,True,True,True,True,True,RF+FedProx+CNN all BENIGN
667,43743,2,DoS GoldenEye,3,4,False,0,BENIGN,0.9998576045036316,0.07827707380056381,0.131386399269104,False,0,BENIGN,0.9340885281562805,0,BENIGN,0.9997832179069519,0.03958575427532196,0,BENIGN,0.9998576045036316,NORMAL,DEEP_ANALYSIS,Random Forest,False,True,False,False,True,True,True,True,True,RF+FedProx+CNN all BENIGN
671,43749,2,DoS GoldenEye,2,4,False,0,BENIGN,1.0,0.06662825495004654,0.1016167402267456,False,0,BENIGN,0.9983899593353271,0,BENIGN,0.9979720711708069,0.016435299068689346,0,BENIGN,1.0,NORMAL,DEEP_ANALYSIS,Random Forest,False,True,False,False,True,True,True,True,True,RF+FedProx+CNN all BENIGN
699,47631,2,DoS GoldenEye,5,4,False,0,BENIGN,1.0,0.09731520712375641,0.08649322390556335,False,0,BENIGN,0.7694296836853027,0,BENIGN,0.9871507883071899,0.0866423100233078,0,BENIGN,1.0,NORMAL,DEEP_ANALYSIS,Random Forest,False,True,False,False,True,True,True,True,True,RF+FedProx+CNN all BENIGN
716,48178,2,DoS GoldenEye,2,4,False,0,BENIGN,1.0,0.05659766122698784,0.08631878346204758,False,0,BENIGN,0.9365326166152954,0,BENIGN,0.653248131275177,0.15335118770599365,0,BENIGN,1.0,NORMAL,DEEP_ANALYSIS,Random Forest,False,True,False,False,True,True,True,True,True,RF+FedProx+CNN all BENIGN
720,48245,2,DoS GoldenEye,1,4,False,0,BENIGN,0.9337761402130127,0.21280251443386078,0.23067441582679749,False,0,BENIGN,0.8825168013572693,0,BENIGN,0.6869609951972961,0.192654550075531,0,BENIGN,0.9337761402130127,NORMAL,DEEP_ANALYSIS,Random Forest,False,True,False,False,True,True,True,True,True,RF+FedProx+CNN all BENIGN
721,48272,2,DoS GoldenEye,2,4,False,0,BENIGN,0.8066524863243103,0.14398689568042755,0.2195987105369568,False,0,BENIGN,0.8666133880615234,0,BENIGN,0.9528258442878723,0.12813624739646912,0,BENIGN,0.9528258442878723,NORMAL,DEEP_ANALYSIS,CNN-BiLSTM,False,True,False,False,True,True,True,True,True,RF+FedProx+CNN all BENIGN
736,48464,2,DoS GoldenEye,2,4,False,0,BENIGN,1.0,0.014723706990480423,0.022455565631389618,False,0,BENIGN,0.9980165958404541,0,BENIGN,0.9831231236457825,0.009870262816548347,0,BENIGN,1.0,NORMAL,DEEP_ANALYSIS,Random Forest,False,True,False,False,True,True,True,True,True,RF+FedProx+CNN all BENIGN
737,48523,2,DoS GoldenEye,3,4,False,0,BENIGN,0.9900000095367432,0.05214469134807587,0.08752375841140747,False,0,BENIGN,0.9924601912498474,0,BENIGN,0.8253778219223022,0.07850826531648636,0,BENIGN,0.9924601912498474,NORMAL,DEEP_ANALYSIS,FedProx70 MLP,False,True,False,False,True,True,True,True,True,RF+FedProx+CNN all BENIGN
739,48554,2,DoS GoldenEye,5,4,False,0,BENIGN,1.0,0.18146654963493347,0.16128648817539215,False,0,BENIGN,0.7170379161834717,0,BENIGN,0.8220644593238831,0.17135904729366302,0,BENIGN,1.0,NORMAL,DEEP_ANALYSIS,Random Forest,False,True,False,False,True,True,True,True,True,RF+FedProx+CNN all BENIGN
762,49103,2,DoS GoldenEye,3,4,False,0,BENIGN,1.0,0.014790629968047142,0.02482575550675392,False,0,BENIGN,0.9963763356208801,0,BENIGN,0.9906506538391113,0.00808323360979557,0,BENIGN,1.0,NORMAL,DEEP_ANALYSIS,Random Forest,False,True,False,False,True,True,True,True,True,RF+FedProx+CNN all BENIGN
764,49155,2,DoS GoldenEye,5,4,False,0,BENIGN,1.0,0.06132586672902107,0.0545060969889164,False,0,BENIGN,0.9991827607154846,0,BENIGN,0.9972472786903381,0.009384538978338242,0,BENIGN,1.0,NORMAL,DEEP_ANALYSIS,Random Forest,False,True,False,False,True,True,True,True,True,RF+FedProx+CNN all BENIGN
771,49263,2,DoS GoldenEye,2,4,False,0,BENIGN,1.0,0.014635063707828522,0.022320372983813286,False,0,BENIGN,0.9885286688804626,0,BENIGN,0.8201380372047424,0.0697411373257637,0,BENIGN,1.0,NORMAL,DEEP_ANALYSIS,Random Forest,False,True,False,False,True,True,True,True,True,RF+FedProx+CNN all BENIGN
776,49333,2,DoS GoldenEye,2,4,False,0,BENIGN,1.0,0.015218596905469894,0.02321033738553524,False,0,BENIGN,0.9802890419960022,0,BENIGN,0.993872880935669,0.011539330706000328,0,BENIGN,1.0,NORMAL,DEEP_ANALYSIS,Random Forest,False,True,False,False,True,True,True,True,True,RF+FedProx+CNN all BENIGN
781,49462,2,DoS GoldenEye,2,4,False,0,BENIGN,0.9950000047683716,0.05583783611655235,0.08515994995832443,False,0,BENIGN,0.986029326915741,0,BENIGN,0.9990729093551636,0.018289675936102867,0,BENIGN,0.9990729093551636,NORMAL,DEEP_ANALYSIS,CNN-BiLSTM,False,True,False,False,True,True,True,True,True,RF+FedProx+CNN all BENIGN
794,49840,2,DoS GoldenEye,5,4,False,0,BENIGN,1.0,0.03302382677793503,0.02935139648616314,False,0,BENIGN,0.9865707755088806,0,BENIGN,0.9152318835258484,0.038100313395261765,0,BENIGN,1.0,NORMAL,DEEP_ANALYSIS,Random Forest,False,True,False,False,True,True,True,True,True,RF+FedProx+CNN all BENIGN
800,29364,4,FTP-Patator,1,5,False,0,BENIGN,0.9550060629844666,0.07711724191904068,0.08359381556510925,False,0,BENIGN,0.9995986819267273,0,BENIGN,0.8459632396697998,0.07557112723588943,0,BENIGN,0.9995986819267273,NORMAL,DEEP_ANALYSIS,FedProx70 MLP,False,True,False,False,True,True,True,True,True,RF+FedProx+CNN all BENIGN
801,29369,4,FTP-Patator,2,5,False,0,BENIGN,0.9715481996536255,0.018452273681759834,0.028142111375927925,False,0,BENIGN,0.9983459711074829,0,BENIGN,0.9757304191589355,0.018902238458395004,0,BENIGN,0.9983459711074829,NORMAL,DEEP_ANALYSIS,FedProx70 MLP,False,True,False,False,True,True,True,True,True,RF+FedProx+CNN all BENIGN
802,29370,4,FTP-Patator,3,5,False,0,BENIGN,0.9919686913490295,0.02029281109571457,0.03406105190515518,False,0,BENIGN,0.9985809326171875,0,BENIGN,0.9204258918762207,0.03499207645654678,0,BENIGN,0.9985809326171875,NORMAL,DEEP_ANALYSIS,FedProx70 MLP,False,True,False,False,True,True,True,True,True,RF+FedProx+CNN all BENIGN
803,29374,4,FTP-Patator,4,5,False,0,BENIGN,1.0,0.09761667996644974,0.11338550597429276,False,0,BENIGN,0.999634861946106,0,BENIGN,0.9990274906158447,0.0174577459692955,0,BENIGN,1.0,NORMAL,DEEP_ANALYSIS,Random Forest,False,True,False,False,True,True,True,True,True,RF+FedProx+CNN all BENIGN
805,29379,4,FTP-Patator,1,5,False,0,BENIGN,0.9240185022354126,0.030569350346922874,0.033136673271656036,False,0,BENIGN,0.99837327003479,0,BENIGN,0.5415230989456177,0.18112173676490784,0,BENIGN,0.99837327003479,NORMAL,DEEP_ANALYSIS,FedProx70 MLP,False,True,False,False,True,True,True,True,True,RF+FedProx+CNN all BENIGN
811,29388,4,FTP-Patator,2,5,False,0,BENIGN,0.9753803014755249,0.01848469488322735,0.02819156087934971,False,0,BENIGN,0.9983639121055603,0,BENIGN,0.6268972158432007,0.1402294784784317,0,BENIGN,0.9983639121055603,NORMAL,DEEP_ANALYSIS,FedProx70 MLP,False,True,False,False,True,True,True,True,True,RF+FedProx+CNN all BENIGN
815,29414,4,FTP-Patator,1,5,False,0,BENIGN,0.9550060629844666,0.07711724191904068,0.08359381556510925,False,0,BENIGN,0.9995986819267273,0,BENIGN,0.9552057981491089,0.03733622655272484,0,BENIGN,0.9995986819267273,NORMAL,DEEP_ANALYSIS,FedProx70 MLP,False,True,False,False,True,True,True,True,True,RF+FedProx+CNN all BENIGN
817,29448,4,FTP-Patator,3,5,False,0,BENIGN,0.9869686961174011,0.0199306458234787,0.033453162759542465,False,0,BENIGN,0.9984245300292969,0,BENIGN,0.6152086853981018,0.1427738517522812,0,BENIGN,0.9984245300292969,NORMAL,DEEP_ANALYSIS,FedProx70 MLP,False,True,False,False,True,True,True,True,True,RF+FedProx+CNN all BENIGN
822,29471,4,FTP-Patator,3,5,False,0,BENIGN,0.9869686961174011,0.01994255743920803,0.03347315639257431,False,0,BENIGN,0.9983600974082947,0,BENIGN,0.9404788613319397,0.028951605781912804,0,BENIGN,0.9983600974082947,NORMAL,DEEP_ANALYSIS,FedProx70 MLP,False,True,False,False,True,True,True,True,True,RF+FedProx+CNN all BENIGN
823,29482,4,FTP-Patator,4,5,False,0,BENIGN,1.0,0.028107663616538048,0.032648127526044846,False,0,BENIGN,0.9983540773391724,0,BENIGN,0.9526212215423584,0.021973568946123123,0,BENIGN,1.0,NORMAL,DEEP_ANALYSIS,Random Forest,False,True,False,False,True,True,True,True,True,RF+FedProx+CNN all BENIGN
827,29540,4,FTP-Patator,3,5,False,0,BENIGN,0.9869686961174011,0.019948631525039673,0.0334833525121212,False,0,BENIGN,0.9983371496200562,0,BENIGN,0.9243542551994324,0.034603629261255264,0,BENIGN,0.9983371496200562,NORMAL,DEEP_ANALYSIS,FedProx70 MLP,False,True,False,False,True,True,True,True,True,RF+FedProx+CNN all BENIGN
828,29547,4,FTP-Patator,4,5,False,0,BENIGN,1.0,0.02810068428516388,0.03264002129435539,False,0,BENIGN,0.9984219074249268,0,BENIGN,0.9899545907974243,0.008885324001312256,0,BENIGN,1.0,NORMAL,DEEP_ANALYSIS,Random Forest,False,True,False,False,True,True,True,True,True,RF+FedProx+CNN all BENIGN
833,29623,4,FTP-Patator,4,5,False,0,BENIGN,1.0,0.06958897411823273,0.08083025366067886,False,0,BENIGN,0.9995986819267273,0,BENIGN,0.9994350075721741,0.01244268100708723,0,BENIGN,1.0,NORMAL,DEEP_ANALYSIS,Random Forest,False,True,False,False,True,True,True,True,True,RF+FedProx+CNN all BENIGN
835,29640,4,FTP-Patator,1,5,False,0,BENIGN,0.929018497467041,0.030550386756658554,0.033116117119789124,False,0,BENIGN,0.9983890056610107,0,BENIGN,0.9983060359954834,0.020239904522895813,0,BENIGN,0.9983890056610107,NORMAL,DEEP_ANALYSIS,FedProx70 MLP,False,True,False,False,True,True,True,True,True,RF+FedProx+CNN all BENIGN
840,29682,4,FTP-Patator,1,5,False,0,BENIGN,0.929018497467041,0.030567117035388947,0.033134251832962036,False,0,BENIGN,0.9983750581741333,0,BENIGN,0.9150674343109131,0.04938031733036041,0,BENIGN,0.9983750581741333,NORMAL,DEEP_ANALYSIS,FedProx70 MLP,False,True,False,False,True,True,True,True,True,RF+FedProx+CNN all BENIGN
841,29688,4,FTP-Patator,2,5,False,0,BENIGN,0.9753803014755249,0.018578335642814636,0.028334373608231544,False,0,BENIGN,0.998417854309082,0,BENIGN,0.9979991316795349,0.010349043644964695,0,BENIGN,0.998417854309082,NORMAL,DEEP_ANALYSIS,FedProx70 MLP,False,True,False,False,True,True,True,True,True,RF+FedProx+CNN all BENIGN
848,29747,4,FTP-Patator,4,5,False,0,BENIGN,1.0,0.06004668399691582,0.06974652409553528,False,0,BENIGN,0.9995312690734863,0,BENIGN,0.5782950520515442,0.15819934010505676,0,BENIGN,1.0,NORMAL,DEEP_ANALYSIS,Random Forest,False,True,False,False,True,True,True,True,True,RF+FedProx+CNN all BENIGN
855,29792,4,FTP-Patator,1,5,False,0,BENIGN,0.9240185022354126,0.030578596517443657,0.0331466943025589,False,0,BENIGN,0.9983657002449036,0,BENIGN,0.6125807762145996,0.1562553197145462,0,BENIGN,0.9983657002449036,NORMAL,DEEP_ANALYSIS,FedProx70 MLP,False,True,False,False,True,True,True,True,True,RF+FedProx+CNN all BENIGN
858,29850,4,FTP-Patator,4,5,False,0,BENIGN,1.0,0.028796017169952393,0.03344767913222313,False,0,BENIGN,0.9985809326171875,0,BENIGN,0.8947453498840332,0.04228200018405914,0,BENIGN,1.0,NORMAL,DEEP_ANALYSIS,Random Forest,False,True,False,False,True,True,True,True,True,RF+FedProx+CNN all BENIGN
860,29866,4,FTP-Patator,1,5,False,0,BENIGN,0.929018497467041,0.03056277520954609,0.03312954306602478,False,0,BENIGN,0.9983787536621094,0,BENIGN,0.7889963984489441,0.09350336343050003,0,BENIGN,0.9983787536621094,NORMAL,DEEP_ANALYSIS,FedProx70 MLP,False,True,False,False,True,True,True,True,True,RF+FedProx+CNN all BENIGN
861,29870,4,FTP-Patator,2,5,False,0,BENIGN,0.9792075157165527,0.018527572974562645,0.02825695462524891,False,0,BENIGN,0.9983890056610107,0,BENIGN,0.9877815246582031,0.01315680518746376,0,BENIGN,0.9983890056610107,NORMAL,DEEP_ANALYSIS,FedProx70 MLP,False,True,False,False,True,True,True,True,True,RF+FedProx+CNN all BENIGN
863,29903,4,FTP-Patator,4,5,False,0,BENIGN,1.0,0.06958897411823273,0.08083025366067886,False,0,BENIGN,0.9995986819267273,0,BENIGN,0.9617300629615784,0.025639411062002182,0,BENIGN,1.0,NORMAL,DEEP_ANALYSIS,Random Forest,False,True,False,False,True,True,True,True,True,RF+FedProx+CNN all BENIGN
866,29952,4,FTP-Patator,2,5,False,0,BENIGN,0.9792075157165527,0.01850142516195774,0.028217075392603874,False,0,BENIGN,0.99837327003479,0,BENIGN,0.798004686832428,0.07957743853330612,0,BENIGN,0.99837327003479,NORMAL,DEEP_ANALYSIS,FedProx70 MLP,False,True,False,False,True,True,True,True,True,RF+FedProx+CNN all BENIGN
867,29956,4,FTP-Patator,3,5,False,0,BENIGN,0.9869686961174011,0.01993941329419613,0.03346788138151169,False,0,BENIGN,0.99837327003479,0,BENIGN,0.9915701150894165,0.0110649224370718,0,BENIGN,0.99837327003479,NORMAL,DEEP_ANALYSIS,FedProx70 MLP,False,True,False,False,True,True,True,True,True,RF+FedProx+CNN all BENIGN
868,30013,4,FTP-Patator,4,5,False,0,BENIGN,1.0,0.028100838884711266,0.03264020010828972,False,0,BENIGN,0.9984272718429565,0,BENIGN,0.976572573184967,0.013567447662353516,0,BENIGN,1.0,NORMAL,DEEP_ANALYSIS,Random Forest,False,True,False,False,True,True,True,True,True,RF+FedProx+CNN all BENIGN
873,30051,4,FTP-Patator,4,5,False,0,BENIGN,1.0,0.02810235694050789,0.03264196217060089,False,0,BENIGN,0.9983855485916138,0,BENIGN,0.9974045157432556,0.0062890490517020226,0,BENIGN,1.0,NORMAL,DEEP_ANALYSIS,Random Forest,False,True,False,False,True,True,True,True,True,RF+FedProx+CNN all BENIGN
876,30088,4,FTP-Patator,2,5,False,0,BENIGN,0.9792075157165527,0.01850140281021595,0.028217041864991188,False,0,BENIGN,0.99837327003479,0,BENIGN,0.9823600053787231,0.015053070150315762,0,BENIGN,0.99837327003479,NORMAL,DEEP_ANALYSIS,FedProx70 MLP,False,True,False,False,True,True,True,True,True,RF+FedProx+CNN all BENIGN
878,30098,4,FTP-Patator,4,5,False,0,BENIGN,1.0,0.06958897411823273,0.08083025366067886,False,0,BENIGN,0.9995986819267273,0,BENIGN,0.9969348907470703,0.013317721895873547,0,BENIGN,1.0,NORMAL,DEEP_ANALYSIS,Random Forest,False,True,False,False,True,True,True,True,True,RF+FedProx+CNN all BENIGN
880,30111,4,FTP-Patator,1,5,False,0,BENIGN,0.9240185022354126,0.03057628870010376,0.03314419463276863,False,0,BENIGN,0.9983678460121155,0,BENIGN,0.6595011949539185,0.13983213901519775,0,BENIGN,0.9983678460121155,NORMAL,DEEP_ANALYSIS,FedProx70 MLP,False,True,False,False,True,True,True,True,True,RF+FedProx+CNN all BENIGN
888,30127,4,FTP-Patator,4,5,False,0,BENIGN,1.0,0.02810070477426052,0.03264004737138748,False,0,BENIGN,0.998410701751709,0,BENIGN,0.9901345372200012,0.008825709111988544,0,BENIGN,1.0,NORMAL,DEEP_ANALYSIS,Random Forest,False,True,False,False,True,True,True,True,True,RF+FedProx+CNN all BENIGN
890,30148,4,FTP-Patator,1,5,False,0,BENIGN,0.929018497467041,0.0305464006960392,0.03311179578304291,False,0,BENIGN,0.9983920454978943,0,BENIGN,0.9899216294288635,0.023172885179519653,0,BENIGN,0.9983920454978943,NORMAL,DEEP_ANALYSIS,FedProx70 MLP,False,True,False,False,True,True,True,True,True,RF+FedProx+CNN all BENIGN
891,30167,4,FTP-Patator,2,5,False,0,BENIGN,0.9792075157165527,0.018474018201231956,0.028175275772809982,False,0,BENIGN,0.9983580708503723,0,BENIGN,0.9561427235603333,0.024227414280176163,0,BENIGN,0.9983580708503723,NORMAL,DEEP_ANALYSIS,FedProx70 MLP,False,True,False,False,True,True,True,True,True,RF+FedProx+CNN all BENIGN
896,30193,4,FTP-Patator,2,5,False,0,BENIGN,0.9753803014755249,0.0184915941208601,0.028202081099152565,False,0,BENIGN,0.9983678460121155,0,BENIGN,0.8627237677574158,0.05769057944417,0,BENIGN,0.9983678460121155,NORMAL,DEEP_ANALYSIS,FedProx70 MLP,False,True,False,False,True,True,True,True,True,RF+FedProx+CNN all BENIGN
897,30197,4,FTP-Patator,3,5,False,0,BENIGN,0.9869686961174011,0.019931185990571976,0.03345407173037529,False,0,BENIGN,0.9984207153320312,0,BENIGN,0.8760658502578735,0.05147511139512062,0,BENIGN,0.9984207153320312,NORMAL,DEEP_ANALYSIS,FedProx70 MLP,False,True,False,False,True,True,True,True,True,RF+FedProx+CNN all BENIGN
901,30214,4,FTP-Patator,2,5,False,0,BENIGN,0.9753803014755249,0.01852189376950264,0.028248291462659836,False,0,BENIGN,0.9983855485916138,0,BENIGN,0.8911327719688416,0.047749049961566925,0,BENIGN,0.9983855485916138,NORMAL,DEEP_ANALYSIS,FedProx70 MLP,False,True,False,False,True,True,True,True,True,RF+FedProx+CNN all BENIGN
903,30224,4,FTP-Patator,4,5,False,0,BENIGN,1.0,0.028101006522774696,0.03264039382338524,False,0,BENIGN,0.9984015822410583,0,BENIGN,0.9996459484100342,0.005499502643942833,0,BENIGN,1.0,NORMAL,DEEP_ANALYSIS,Random Forest,False,True,False,False,True,True,True,True,True,RF+FedProx+CNN all BENIGN
905,30247,4,FTP-Patator,1,5,False,0,BENIGN,0.929018497467041,0.030558492988348007,0.0331249013543129,False,0,BENIGN,0.9983820915222168,0,BENIGN,0.9992749094963074,0.01990419067442417,0,BENIGN,0.9992749094963074,NORMAL,DEEP_ANALYSIS,CNN-BiLSTM,False,True,False,False,True,True,True,True,True,RF+FedProx+CNN all BENIGN
908,30291,4,FTP-Patator,4,5,False,0,BENIGN,1.0,0.02883100137114525,0.03348831087350845,False,0,BENIGN,0.9985784292221069,0,BENIGN,0.6865518093109131,0.11515658348798752,0,BENIGN,1.0,NORMAL,DEEP_ANALYSIS,Random Forest,False,True,False,False,True,True,True,True,True,RF+FedProx+CNN all BENIGN
912,30308,4,FTP-Patator,3,5,False,0,BENIGN,0.9919686913490295,0.02029281109571457,0.03406105190515518,False,0,BENIGN,0.9985809326171875,0,BENIGN,0.574510931968689,0.1560623198747635,0,BENIGN,0.9985809326171875,NORMAL,DEEP_ANALYSIS,FedProx70 MLP,False,True,False,False,True,True,True,True,True,RF+FedProx+CNN all BENIGN
918,30321,4,FTP-Patator,4,5,False,0,BENIGN,1.0,0.028101861476898193,0.03264138847589493,False,0,BENIGN,0.9984421133995056,0,BENIGN,0.6778767704963684,0.11810670793056488,0,BENIGN,1.0,NORMAL,DEEP_ANALYSIS,Random Forest,False,True,False,False,True,True,True,True,True,RF+FedProx+CNN all BENIGN
921,30326,4,FTP-Patator,2,5,False,0,BENIGN,0.9792075157165527,0.018552295863628387,0.02829466015100479,False,0,BENIGN,0.9984032511711121,0,BENIGN,0.6044778227806091,0.14731447398662567,0,BENIGN,0.9984032511711121,NORMAL,DEEP_ANALYSIS,FedProx70 MLP,False,True,False,False,True,True,True,True,True,RF+FedProx+CNN all BENIGN
923,30355,4,FTP-Patator,4,5,False,0,BENIGN,1.0,0.028102749958634377,0.0326424203813076,False,0,BENIGN,0.9983820915222168,0,BENIGN,0.6979506015777588,0.11109902709722519,0,BENIGN,1.0,NORMAL,DEEP_ANALYSIS,Random Forest,False,True,False,False,True,True,True,True,True,RF+FedProx+CNN all BENIGN
927,30410,4,FTP-Patator,3,5,False,0,BENIGN,0.951991617679596,0.01993422955274582,0.03345917910337448,False,0,BENIGN,0.998555600643158,0,BENIGN,0.728771448135376,0.10998386144638062,0,BENIGN,0.998555600643158,NORMAL,DEEP_ANALYSIS,FedProx70 MLP,False,True,False,False,True,True,True,True,True,RF+FedProx+CNN all BENIGN
928,30421,4,FTP-Patator,4,5,False,0,BENIGN,1.0,0.06958897411823273,0.08083025366067886,False,0,BENIGN,0.9995986819267273,0,BENIGN,0.5253129601478577,0.1783854067325592,0,BENIGN,1.0,NORMAL,DEEP_ANALYSIS,Random Forest,False,True,False,False,True,True,True,True,True,RF+FedProx+CNN all BENIGN
930,30427,4,FTP-Patator,1,5,False,0,BENIGN,0.9240185022354126,0.030627567321062088,0.03319977968931198,False,0,BENIGN,0.998327910900116,0,BENIGN,0.4961433410644531,0.19702772796154022,0,BENIGN,0.998327910900116,NORMAL,DEEP_ANALYSIS,FedProx70 MLP,False,True,False,False,True,True,True,True,True,RF+FedProx+CNN all BENIGN
932,30447,4,FTP-Patator,3,5,False,0,BENIGN,0.9869686961174011,0.019932042807340622,0.033455509692430496,False,0,BENIGN,0.9984149932861328,0,BENIGN,0.5692979693412781,0.15884579718112946,0,BENIGN,0.9984149932861328,NORMAL,DEEP_ANALYSIS,FedProx70 MLP,False,True,False,False,True,True,True,True,True,RF+FedProx+CNN all BENIGN
933,30449,4,FTP-Patator,4,5,False,0,BENIGN,1.0,0.028102729469537735,0.03264239430427551,False,0,BENIGN,0.9983820915222168,0,BENIGN,0.8079829812049866,0.07258769124746323,0,BENIGN,1.0,NORMAL,DEEP_ANALYSIS,Random Forest,False,True,False,False,True,True,True,True,True,RF+FedProx+CNN all BENIGN
936,30471,4,FTP-Patator,2,5,False,0,BENIGN,0.9753803014755249,0.018501441925764084,0.028217101469635963,False,0,BENIGN,0.99837327003479,0,BENIGN,0.9627652168273926,0.022676697000861168,0,BENIGN,0.99837327003479,NORMAL,DEEP_ANALYSIS,FedProx70 MLP,False,True,False,False,True,True,True,True,True,RF+FedProx+CNN all BENIGN
941,30524,4,FTP-Patator,2,5,False,0,BENIGN,0.9800000190734863,0.0586121492087841,0.08939113467931747,False,0,BENIGN,0.999634861946106,0,BENIGN,0.997814416885376,0.018283162266016006,0,BENIGN,0.999634861946106,NORMAL,DEEP_ANALYSIS,FedProx70 MLP,False,True,False,False,True,True,True,True,True,RF+FedProx+CNN all BENIGN
948,30593,4,FTP-Patator,4,5,False,0,BENIGN,1.0,0.028103720396757126,0.032643549144268036,False,0,BENIGN,0.998456597328186,0,BENIGN,0.9963899254798889,0.006623079534620047,0,BENIGN,1.0,NORMAL,DEEP_ANALYSIS,Random Forest,False,True,False,False,True,True,True,True,True,RF+FedProx+CNN all BENIGN
955,30633,4,FTP-Patator,1,5,False,0,BENIGN,0.9550060629844666,0.07711724191904068,0.08359381556510925,False,0,BENIGN,0.9995986819267273,0,BENIGN,0.9988448619842529,0.022062554955482483,0,BENIGN,0.9995986819267273,NORMAL,DEEP_ANALYSIS,FedProx70 MLP,False,True,False,False,True,True,True,True,True,RF+FedProx+CNN all BENIGN
958,30640,4,FTP-Patator,4,5,False,0,BENIGN,1.0,0.06958897411823273,0.08083025366067886,False,0,BENIGN,0.9995986819267273,0,BENIGN,0.9987196922302246,0.012693041935563087,0,BENIGN,1.0,NORMAL,DEEP_ANALYSIS,Random Forest,False,True,False,False,True,True,True,True,True,RF+FedProx+CNN all BENIGN
960,30645,4,FTP-Patator,1,5,False,0,BENIGN,0.9259331226348877,0.030504994094371796,0.03306691348552704,False,0,BENIGN,0.9984285235404968,0,BENIGN,0.8086851239204407,0.08720506727695465,0,BENIGN,0.9984285235404968,NORMAL,DEEP_ANALYSIS,FedProx70 MLP,False,True,False,False,True,True,True,True,True,RF+FedProx+CNN all BENIGN
965,30685,4,FTP-Patator,1,5,False,0,BENIGN,0.9550060629844666,0.07711724191904068,0.08359381556510925,False,0,BENIGN,0.9995986819267273,0,BENIGN,0.8391723036766052,0.0779479518532753,0,BENIGN,0.9995986819267273,NORMAL,DEEP_ANALYSIS,FedProx70 MLP,False,True,False,False,True,True,True,True,True,RF+FedProx+CNN all BENIGN
967,30688,4,FTP-Patator,3,5,False,0,BENIGN,0.9919686913490295,0.054968614131212234,0.09226364642381668,False,0,BENIGN,0.9995312690734863,0,BENIGN,0.9460547566413879,0.034467265009880066,0,BENIGN,0.9995312690734863,NORMAL,DEEP_ANALYSIS,FedProx70 MLP,False,True,False,False,True,True,True,True,True,RF+FedProx+CNN all BENIGN
968,30690,4,FTP-Patator,4,5,False,0,BENIGN,1.0,0.028732027858495712,0.03337335214018822,False,0,BENIGN,0.9985854625701904,0,BENIGN,0.9998441934585571,0.005484896712005138,0,BENIGN,1.0,NORMAL,DEEP_ANALYSIS,Random Forest,False,True,False,False,True,True,True,True,True,RF+FedProx+CNN all BENIGN
972,30745,4,FTP-Patator,3,5,False,0,BENIGN,0.9919686913490295,0.06017668545246124,0.10100528597831726,False,0,BENIGN,0.9995986819267273,0,BENIGN,0.9585013389587402,0.03140198066830635,0,BENIGN,0.9995986819267273,NORMAL,DEEP_ANALYSIS,FedProx70 MLP,False,True,False,False,True,True,True,True,True,RF+FedProx+CNN all BENIGN
973,30785,4,FTP-Patator,4,5,False,0,BENIGN,1.0,0.028100738301873207,0.03264008089900017,False,0,BENIGN,0.9984092116355896,0,BENIGN,0.877625048160553,0.04820447787642479,0,BENIGN,1.0,NORMAL,DEEP_ANALYSIS,Random Forest,False,True,False,False,True,True,True,True,True,RF+FedProx+CNN all BENIGN
976,30808,4,FTP-Patator,2,5,False,0,BENIGN,0.9765709042549133,0.019787099212408066,0.030177894979715347,False,0,BENIGN,0.9985727071762085,0,BENIGN,0.9798744320869446,0.016684640198946,0,BENIGN,0.9985727071762085,NORMAL,DEEP_ANALYSIS,FedProx70 MLP,False,True,False,False,True,True,True,True,True,RF+FedProx+CNN all BENIGN
987,30872,4,FTP-Patator,3,5,False,0,BENIGN,0.9919686913490295,0.02029281109571457,0.03406105190515518,False,0,BENIGN,0.9985809326171875,0,BENIGN,0.9933621883392334,0.00946437381207943,0,BENIGN,0.9985809326171875,NORMAL,DEEP_ANALYSIS,FedProx70 MLP,False,True,False,False,True,True,True,True,True,RF+FedProx+CNN all BENIGN
988,30875,4,FTP-Patator,4,5,False,0,BENIGN,1.0,0.02810598351061344,0.03264617547392845,False,0,BENIGN,0.9983620047569275,0,BENIGN,0.9970591068267822,0.006417637690901756,0,BENIGN,1.0,NORMAL,DEEP_ANALYSIS,Random Forest,False,True,False,False,True,True,True,True,True,RF+FedProx+CNN all BENIGN
995,30944,4,FTP-Patator,1,5,False,0,BENIGN,0.9250667095184326,0.030424483120441437,0.03297963738441467,False,0,BENIGN,0.9985218644142151,0,BENIGN,0.5709878206253052,0.17053130269050598,0,BENIGN,0.9985218644142151,NORMAL,DEEP_ANALYSIS,FedProx70 MLP,False,True,False,False,True,True,True,True,True,RF+FedProx+CNN all BENIGN
998,30954,4,FTP-Patator,4,5,False,0,BENIGN,1.0,0.028107766062021255,0.032648246735334396,False,0,BENIGN,0.9984777569770813,0,BENIGN,0.6672228574752808,0.12182591110467911,0,BENIGN,1.0,NORMAL,DEEP_ANALYSIS,Random Forest,False,True,False,False,True,True,True,True,True,RF+FedProx+CNN all BENIGN
