method_key,method,class,metric,n,mean,std,median,min,max,ci95_lower,ci95_upper,coefficient_of_variation
fedavg70,FedAvg70,BENIGN,precision,5,0.9231398469966212,0.0053723858383148354,0.924138519176366,0.9151448614868504,0.9297368942695436,0.9164691489167259,0.9298105450765165,0.005819687944132801
fedavg70,FedAvg70,BENIGN,recall,5,0.9999885444808264,9.96151317385886e-06,0.9999936358226812,0.9999777253793846,0.9999968179113408,0.9999761756285508,1.000000913333102,9.961627289471275e-06
fedavg70,FedAvg70,BENIGN,f1,5,0.9600222324162605,0.0029044699351979887,0.9605708582895344,0.9556911211940587,0.9635789409131328,0.95641585666386,0.963628608168661,0.0030254194508472863
fedavg70,FedAvg70,DDoS,precision,5,0.9485764732278529,0.018662067698016715,0.9474429304547868,0.925330965450436,0.9694711787229638,0.9254044556351841,0.9717484908205216,0.019673761920863064
fedavg70,FedAvg70,DDoS,recall,5,0.5669006705783739,0.0450898635922473,0.5909471919530596,0.4907795473595976,0.6005343671416596,0.5109142102719618,0.622887130884786,0.07953750265676152
fedavg70,FedAvg70,DDoS,f1,5,0.7084740873587742,0.0335497598857003,0.7244934005587848,0.6516642899377413,0.7331427829024295,0.6668165583603193,0.750131616357229,0.047354956919843656
fedavg70,FedAvg70,DoS GoldenEye,precision,5,0.9923527799511227,0.011092939597840294,0.9970238095238096,0.9725363489499192,0.997872340425532,0.9785790762182355,1.00612648368401,0.011178423461852613
fedavg70,FedAvg70,DoS GoldenEye,recall,5,0.3163636363636363,0.06797960117874317,0.3045454545454545,0.2175324675324675,0.3909090909090909,0.23195581296774073,0.4007714597595319,0.21487804970292387
fedavg70,FedAvg70,DoS GoldenEye,f1,5,0.4762343546528867,0.07904321473837972,0.4666666666666667,0.3571428571428571,0.5576655859194072,0.37808924060995147,0.5743794686958219,0.16597545718009363
fedavg70,FedAvg70,DoS Hulk,precision,5,0.9616455978710554,0.03173020818759354,0.9757465177339684,0.905312972242106,0.9796142987031632,0.9222473407090102,1.0010438550331007,0.03299574007081158
fedavg70,FedAvg70,DoS Hulk,recall,5,0.8208696319607016,0.061648772035828914,0.8414629466170319,0.7310127796753272,0.873661588056952,0.7443225711903418,0.8974166927310614,0.07510178186099628
fedavg70,FedAvg70,DoS Hulk,f1,5,0.883995197033769,0.031553291242430774,0.8892057106028943,0.8367046627572423,0.9184625638746944,0.8448166112732046,0.9231737827943335,0.035693962306930296
fedavg70,FedAvg70,FTP-Patator,precision,5,0.0,0.0,0.0,0.0,0.0,0.0,0.0,
fedavg70,FedAvg70,FTP-Patator,recall,5,0.0,0.0,0.0,0.0,0.0,0.0,0.0,
fedavg70,FedAvg70,FTP-Patator,f1,5,0.0,0.0,0.0,0.0,0.0,0.0,0.0,
fedavg70,FedAvg70,PortScan,precision,5,0.4000936986890261,0.5450041567431354,0.00625,0.0,0.9974253347064882,-0.2766183416103263,1.0768057389883785,1.3621913030096016
fedavg70,FedAvg70,PortScan,recall,5,0.055897699713382806,0.07653040853806956,7.349158521349305e-05,0.0,0.142353200558536,-0.03912735333616413,0.15092275276292974,1.3691155258710395
fedavg70,FedAvg70,PortScan,f1,5,0.09805606754998245,0.13423351590911542,0.0001452749328103,0.0,0.2491478551675348,-0.0686168565066784,0.2647289916066433,1.3689465554050708
hybrid_fedavg,Hybrid FedAvg,BENIGN,precision,5,0.9179693280088467,0.0012448855998061594,0.9176256566441142,0.916713340567788,0.9197312081293152,0.9164235983776851,0.9195150576400083,0.0013561298420573832
hybrid_fedavg,Hybrid FedAvg,BENIGN,recall,5,0.9999783617971165,3.485803477473467e-06,0.999980907468044,0.9999745432907252,0.999980907468044,0.9999740336004337,0.9999826899937994,3.485878905628454e-06
hybrid_fedavg,Hybrid FedAvg,BENIGN,f1,5,0.9572201909837939,0.0006758044840225739,0.957031916189548,0.956538414124673,0.958175797638794,0.9563810688861584,0.9580593130814293,0.0007060073433344613
hybrid_fedavg,Hybrid FedAvg,DDoS,precision,5,0.9291304069650419,0.046937931790796236,0.924256837098692,0.8618985093071754,0.9769823672262696,0.8708492669102663,0.9874115470198175,0.050518131189050894
hybrid_fedavg,Hybrid FedAvg,DDoS,recall,5,0.3997799664710813,0.159585313996408,0.4072191953059514,0.1562761944677284,0.584608130762783,0.20162862743969828,0.5979313055024644,0.399182869029411
hybrid_fedavg,Hybrid FedAvg,DDoS,f1,5,0.541682065194799,0.16697746547854736,0.5653502072878027,0.2668396099830038,0.6966755111596691,0.3343521577987749,0.7490119725908231,0.30825732695894065
hybrid_fedavg,Hybrid FedAvg,DoS GoldenEye,precision,5,0.7949874789799922,0.3596689258687291,0.9478672985781992,0.1576576576576576,0.9970588235294118,0.3483995224561728,1.2415754355038118,0.45242086872890364
hybrid_fedavg,Hybrid FedAvg,DoS GoldenEye,recall,5,0.3411688311688311,0.07252348535810382,0.3636363636363636,0.2201298701298701,0.4,0.2511190303754158,0.43121863196224647,0.2125735962152263
hybrid_fedavg,Hybrid FedAvg,DoS GoldenEye,f1,5,0.43612538316843513,0.1437058929638174,0.498539435248296,0.2199528672427337,0.5522319374137138,0.2576909495455395,0.6145598167913308,0.32950591391814726
hybrid_fedavg,Hybrid FedAvg,DoS Hulk,precision,5,0.8591245753366229,0.10825644782249515,0.8887273970845979,0.6908248756896669,0.960398493259318,0.7247064415020064,0.9935427091712394,0.12600785838314313
hybrid_fedavg,Hybrid FedAvg,DoS Hulk,recall,5,0.7685382047050696,0.022935763169395433,0.7759143416356449,0.743638945388955,0.7978662163718003,0.7400596933063035,0.7970167161038357,0.029843361109415694
hybrid_fedavg,Hybrid FedAvg,DoS Hulk,f1,5,0.8078185847631886,0.04581341023395689,0.8307009305899428,0.7320233133041015,0.8408493427704752,0.7509337226407444,0.8647034468856327,0.056712498447144606
hybrid_fedavg,Hybrid FedAvg,FTP-Patator,precision,5,0.0,0.0,0.0,0.0,0.0,0.0,0.0,
hybrid_fedavg,Hybrid FedAvg,FTP-Patator,recall,5,0.0,0.0,0.0,0.0,0.0,0.0,0.0,
hybrid_fedavg,Hybrid FedAvg,FTP-Patator,f1,5,0.0,0.0,0.0,0.0,0.0,0.0,0.0,
hybrid_fedavg,Hybrid FedAvg,PortScan,precision,5,0.0,0.0,0.0,0.0,0.0,0.0,0.0,
hybrid_fedavg,Hybrid FedAvg,PortScan,recall,5,0.0,0.0,0.0,0.0,0.0,0.0,0.0,
hybrid_fedavg,Hybrid FedAvg,PortScan,f1,5,0.0,0.0,0.0,0.0,0.0,0.0,0.0,
fedprox,FedProx,BENIGN,precision,5,0.9341985234663615,0.00200390945032049,0.932991314789825,0.9329184653844556,0.9375507256755466,0.9317103412462382,0.9366867056864847,0.0021450573941017865
fedprox,FedProx,BENIGN,recall,5,0.9996747905390141,0.00047658829276768814,0.9998758985422852,0.9988258092846984,0.999955450758769,0.999083028013919,1.000266553064109,0.0004767433342104353
fedprox,FedProx,BENIGN,f1,5,0.965827398895373,0.001150129414278388,0.9652874943748264,0.964786773486114,0.9676914666728262,0.9643993246083883,0.9672554731823576,0.0011908229312958022
fedprox,FedProx,DDoS,precision,5,0.879446507029663,0.024195916608381548,0.8719734236248643,0.8569894510770009,0.916213799270826,0.8494033084734951,0.9094897055858309,0.027512664403095344
fedprox,FedProx,DDoS,recall,5,0.7304798826487845,0.037140274795351744,0.7150565800502934,0.697768231349539,0.7919635373009221,0.6843641405520016,0.7765956247455674,0.050843665482857424
fedprox,FedProx,DDoS,f1,5,0.7975403757483657,0.02373731995323877,0.7922081784386618,0.7770554712334259,0.8382499722745924,0.7680666001485852,0.8270141513481462,0.029763157672067754
fedprox,FedProx,DoS GoldenEye,precision,5,0.8638472851724683,0.09752670806505753,0.8626644736842105,0.7277882797731569,0.9710312862108922,0.7427518829047577,0.984942687440179,0.11289808944133706
fedprox,FedProx,DoS GoldenEye,recall,5,0.5755844155844156,0.06681152390693346,0.5746753246753247,0.5,0.6811688311688312,0.4926269516840463,0.658541879484785,0.11607597790690152
fedprox,FedProx,DoS GoldenEye,f1,5,0.6883917772181805,0.0618261554724161,0.6974615064502705,0.5927636643571979,0.7612481857764877,0.6116244658207327,0.7651590886156282,0.08981245493991538
fedprox,FedProx,DoS Hulk,precision,5,0.947631418884534,0.00839160370047741,0.9471406206833042,0.9396966669693942,0.9594239652205416,0.9372118666824577,0.9580509710866102,0.00885534558399852
fedprox,FedProx,DoS Hulk,recall,5,0.8054572667613311,0.016472455999341315,0.800322370188433,0.7894231876271252,0.8302951222320298,0.7850040111849534,0.8259105223377088,0.02045106137731618
fedprox,FedProx,DoS Hulk,f1,5,0.8706905865044471,0.010018277072825486,0.8696051040406989,0.8608332120052413,0.8816936995680169,0.8582512525390895,0.8831299204698047,0.011506127696919022
fedprox,FedProx,FTP-Patator,precision,5,0.4017241379310345,0.5461599814404124,0.0086206896551724,0.0,1.0,-0.2764230482831616,1.0798713241452307,1.3595398679632584
fedprox,FedProx,FTP-Patator,recall,5,0.00204081632653056,0.0018630018962760276,0.0034013605442176,0.0,0.0034013605442176,-0.00027240605666072667,0.004354038709721847,0.9128709291752769
fedprox,FedProx,FTP-Patator,f1,5,0.0036874741628772,0.003454549116920419,0.0048780487804878,0.0,0.0067796610169491,-0.0006019151056294901,0.007976863431383891,0.9368334432545452
fedprox,FedProx,PortScan,precision,5,0.17142857142857143,0.383325938999964,0.0,0.0,0.8571428571428571,-0.30453344660533604,0.647390589462479,2.23606797749979
fedprox,FedProx,PortScan,recall,5,0.0014992283383552401,0.003352376478356372,0.0,0.0,0.0074961416917762,-0.002663296843244987,0.005661753519955468,2.23606797749979
fedprox,FedProx,PortScan,f1,5,0.00297246102287628,0.00664662490761992,0.0,0.0,0.0148623051143814,-0.005280413834479794,0.011225335880232353,2.23606797749979
median,Median,BENIGN,precision,5,0.9238287628069856,0.003379076871380327,0.9241832026045756,0.918477339553046,0.927556595948176,0.9196330847086296,0.9280244409053415,0.0036576874496884585
median,Median,BENIGN,recall,5,0.9997938006548738,0.00030263653981658516,0.9999331761381536,0.9992553912537112,0.9999586328474284,0.9994180277588426,1.000169573550905,0.0003026989561431123
median,Median,BENIGN,f1,5,0.9603085872202579,0.001781444072618535,0.960567100122884,0.9574876180116606,0.9623594989433708,0.958096632250474,0.9625205421900418,0.001855074604482257
median,Median,DDoS,precision,5,0.811213959897746,0.22755005986830673,0.9141749246014648,0.4166666666666667,0.9677489649161036,0.5286732427701584,1.0937546770253337,0.28050560162572835
median,Median,DDoS,recall,5,0.360928331936295,0.2412538907576084,0.4576173512154233,0.0002619446772841,0.5583088851634534,0.06137206135598877,0.6604846025166011,0.6684260264727305
median,Median,DDoS,f1,5,0.46922617203671735,0.29029165869940876,0.6153141730064807,0.000523560209424,0.691297690027042,0.10878147045080694,0.8296708736226277,0.6186604158062462
median,Median,DoS GoldenEye,precision,5,0.5107417348735648,0.3158141028011628,0.5483011325782812,0.1176896352055587,0.9733333333333334,0.11860673330033844,0.9028767364467911,0.6183440303333411
median,Median,DoS GoldenEye,recall,5,0.464935064935065,0.20913577400409392,0.5344155844155845,0.0948051948051948,0.6051948051948052,0.20525870361770288,0.724611426252427,0.4498171675507047
median,Median,DoS GoldenEye,f1,5,0.3843753993987499,0.19263176656129744,0.4308457711442786,0.1727810650887574,0.5845092505487613,0.14519146994919516,0.6235593288483046,0.5011552947004858
median,Median,DoS Hulk,precision,5,0.8627769084625385,0.12993861998925532,0.9004759436407332,0.6395682239838084,0.961050471126038,0.7014368020456002,1.0241170148794767,0.15060512018200034
median,Median,DoS Hulk,recall,5,0.7923091683616688,0.05099973843354931,0.7906896419388264,0.7333538012818053,0.8731626818129485,0.7289846292309218,0.8556337074924157,0.0643684819891788
median,Median,DoS Hulk,f1,5,0.8185007434045112,0.05003902592634571,0.8284641487460594,0.7383297366584998,0.8675860616907043,0.756369086406583,0.8806324004024394,0.06113497920381964
median,Median,FTP-Patator,precision,5,0.799677028563911,0.25272311745198894,0.9449378330373002,0.4586466165413533,1.0,0.48587983210995495,1.113474225017867,0.3160314832424764
median,Median,FTP-Patator,recall,5,0.4238095238095238,0.30012967616053043,0.6031746031746031,0.0034013605442176,0.6541950113378685,0.05114931012843865,0.7964697374906089,0.7081711459967572
median,Median,FTP-Patator,f1,5,0.5213207697701343,0.35697010010551683,0.7363321799307958,0.0067643742953776,0.7909527073337903,0.07808384803392038,0.9645576915063483,0.68474175748439
median,Median,PortScan,precision,5,0.0,0.0,0.0,0.0,0.0,0.0,0.0,
median,Median,PortScan,recall,5,0.0,0.0,0.0,0.0,0.0,0.0,0.0,
median,Median,PortScan,f1,5,0.0,0.0,0.0,0.0,0.0,0.0,0.0,
trimmed_mean,Trimmed Mean,BENIGN,precision,5,0.9229507659926043,0.0018723784005693625,0.9224862222535576,0.9206066718659294,0.9251472765973732,0.9206259011416029,0.9252756308436056,0.0020286871949834495
trimmed_mean,Trimmed Mean,BENIGN,recall,5,0.9994253147881207,0.0005028032377525529,0.9992331166330956,0.998832173462017,0.999955450758769,0.9988010021096231,1.0000496274666184,0.0005030923574906122
trimmed_mean,Trimmed Mean,BENIGN,f1,5,0.9596661169240097,0.001061645416118945,0.9593817117718084,0.9582761740977488,0.9610934570578322,0.9583479100319567,0.9609843238160627,0.0011062653952207948
trimmed_mean,Trimmed Mean,DDoS,precision,5,0.8952191901809176,0.06014464836808334,0.904196357878068,0.8224137931034483,0.9554887782890412,0.8205397456176438,0.9698986347441914,0.0671842706543506
trimmed_mean,Trimmed Mean,DDoS,recall,5,0.4166177703269069,0.18445096514679948,0.4649518021793797,0.1196563285834031,0.5905804694048616,0.1875916474701887,0.645643893183625,0.4427342717572191
trimmed_mean,Trimmed Mean,DDoS,f1,5,0.5459980183146433,0.20028527001824287,0.6241648498487938,0.2113444989358749,0.6951776023680316,0.29731100916247144,0.7946850274668152,0.3668241702350357
trimmed_mean,Trimmed Mean,DoS GoldenEye,precision,5,0.5782223436844857,0.36159583741939105,0.6121164437450826,0.166469893742621,0.989247311827957,0.12924181046048633,1.0272028769084849,0.6253577734739015
trimmed_mean,Trimmed Mean,DoS GoldenEye,recall,5,0.5093506493506493,0.08905057585369784,0.548051948051948,0.3584415584415584,0.5857142857142857,0.3987797552937993,0.6199215434074994,0.174831574215572
trimmed_mean,Trimmed Mean,DoS GoldenEye,f1,5,0.4770885643523445,0.17454084978381743,0.5262154432793136,0.2555119299305345,0.6981424148606811,0.2603674749598871,0.6938096537448019,0.36584580479467055
trimmed_mean,Trimmed Mean,DoS Hulk,precision,5,0.8990728184391503,0.11606941449222,0.9477124183006536,0.6919737692805025,0.9616842105263158,0.7549536051715705,1.04319203170673,0.12909901413071764
trimmed_mean,Trimmed Mean,DoS Hulk,recall,5,0.8011282956595156,0.03841794688433767,0.7976743293548758,0.7568023947499712,0.8625705184787197,0.753426114128329,0.8488304771907021,0.04795479961509876
trimmed_mean,Trimmed Mean,DoS Hulk,f1,5,0.8418569875028101,0.042775335103267406,0.8638945317358319,0.7679114421401483,0.8691561428451953,0.7887443938939813,0.8949695811116389,0.05081069081596786
trimmed_mean,Trimmed Mean,FTP-Patator,precision,5,0.5339050515721838,0.49913467770437675,0.6493108728943339,0.0084033613445378,1.0,-0.08585250798837984,1.1536626111327475,0.9348753607679509
trimmed_mean,Trimmed Mean,FTP-Patator,recall,5,0.09886621315192735,0.21346589989283707,0.0034013605442176,0.0034013605442176,0.4807256235827664,-0.1661867095891772,0.3639191358930319,2.159139033319753
trimmed_mean,Trimmed Mean,FTP-Patator,f1,5,0.11522532478590415,0.2444136667966044,0.0067796610169491,0.0048426150121065,0.552442996742671,-0.18825432594441027,0.41870497551621855,2.121180107330921
trimmed_mean,Trimmed Mean,PortScan,precision,5,0.0,0.0,0.0,0.0,0.0,0.0,0.0,
trimmed_mean,Trimmed Mean,PortScan,recall,5,0.0,0.0,0.0,0.0,0.0,0.0,0.0,
trimmed_mean,Trimmed Mean,PortScan,f1,5,0.0,0.0,0.0,0.0,0.0,0.0,0.0,
