class,metric,rank,method,mean,std,ci95_lower,ci95_upper
BENIGN,recall,1,FedAvg70,0.9999885444808264,9.96151317385886e-06,0.9999761756285508,1.000000913333102
BENIGN,recall,2,Hybrid FedAvg,0.9999783617971165,3.485803477473467e-06,0.9999740336004337,0.9999826899937994
BENIGN,recall,3,Median,0.9997938006548738,0.00030263653981658516,0.9994180277588426,1.000169573550905
BENIGN,recall,4,FedProx,0.9996747905390141,0.00047658829276768814,0.999083028013919,1.000266553064109
BENIGN,recall,5,Trimmed Mean,0.9994253147881207,0.0005028032377525529,0.9988010021096231,1.0000496274666184
DDoS,recall,1,FedProx,0.7304798826487845,0.037140274795351744,0.6843641405520016,0.7765956247455674
DDoS,recall,2,FedAvg70,0.5669006705783739,0.0450898635922473,0.5109142102719618,0.622887130884786
DDoS,recall,3,Trimmed Mean,0.4166177703269069,0.18445096514679948,0.1875916474701887,0.645643893183625
DDoS,recall,4,Hybrid FedAvg,0.3997799664710813,0.159585313996408,0.20162862743969828,0.5979313055024644
DDoS,recall,5,Median,0.360928331936295,0.2412538907576084,0.06137206135598877,0.6604846025166011
DoS GoldenEye,recall,1,FedProx,0.5755844155844156,0.06681152390693346,0.4926269516840463,0.658541879484785
DoS GoldenEye,recall,2,Trimmed Mean,0.5093506493506493,0.08905057585369784,0.3987797552937993,0.6199215434074994
DoS GoldenEye,recall,3,Median,0.464935064935065,0.20913577400409392,0.20525870361770288,0.724611426252427
DoS GoldenEye,recall,4,Hybrid FedAvg,0.3411688311688311,0.07252348535810382,0.2511190303754158,0.43121863196224647
DoS GoldenEye,recall,5,FedAvg70,0.3163636363636363,0.06797960117874317,0.23195581296774073,0.4007714597595319
DoS Hulk,recall,1,FedAvg70,0.8208696319607016,0.061648772035828914,0.7443225711903418,0.8974166927310614
DoS Hulk,recall,2,FedProx,0.8054572667613311,0.016472455999341315,0.7850040111849534,0.8259105223377088
DoS Hulk,recall,3,Trimmed Mean,0.8011282956595156,0.03841794688433767,0.753426114128329,0.8488304771907021
DoS Hulk,recall,4,Median,0.7923091683616688,0.05099973843354931,0.7289846292309218,0.8556337074924157
DoS Hulk,recall,5,Hybrid FedAvg,0.7685382047050696,0.022935763169395433,0.7400596933063035,0.7970167161038357
FTP-Patator,recall,1,Median,0.4238095238095238,0.30012967616053043,0.05114931012843865,0.7964697374906089
FTP-Patator,recall,2,Trimmed Mean,0.09886621315192735,0.21346589989283707,-0.1661867095891772,0.3639191358930319
FTP-Patator,recall,3,FedProx,0.00204081632653056,0.0018630018962760276,-0.00027240605666072667,0.004354038709721847
FTP-Patator,recall,4,FedAvg70,0.0,0.0,0.0,0.0
FTP-Patator,recall,4,Hybrid FedAvg,0.0,0.0,0.0,0.0
PortScan,recall,1,FedAvg70,0.055897699713382806,0.07653040853806956,-0.03912735333616413,0.15092275276292974
PortScan,recall,2,FedProx,0.0014992283383552401,0.003352376478356372,-0.002663296843244987,0.005661753519955468
PortScan,recall,3,Hybrid FedAvg,0.0,0.0,0.0,0.0
PortScan,recall,3,Median,0.0,0.0,0.0,0.0
PortScan,recall,3,Trimmed Mean,0.0,0.0,0.0,0.0
