seed,model_type,client_id,class,precision,recall,f1_score,support
122,LocalOnly,1,BENIGN,0.9292804566621601,0.9842550253135153,0.955978050065754,314259
122,LocalOnly,1,DDoS,0.0,0.0,0.0,19088
122,LocalOnly,1,DoS GoldenEye,0.0,0.0,0.0,1540
122,LocalOnly,1,DoS Hulk,0.6117229880468732,0.9996929807729209,0.7590034965034965,26057
122,LocalOnly,1,FTP-Patator,0.0,0.0,0.0,882
122,LocalOnly,1,PortScan,0.0,0.0,0.0,13607
122,LocalOnly,2,BENIGN,0.9221988382366323,0.9997581612618891,0.959413571764476,314259
122,LocalOnly,2,DDoS,0.5454754777803362,0.9928751047778709,0.7041165106256502,19088
122,LocalOnly,2,DoS GoldenEye,0.0,0.0,0.0,1540
122,LocalOnly,2,DoS Hulk,0.0,0.0,0.0,26057
122,LocalOnly,2,FTP-Patator,0.0,0.0,0.0,882
122,LocalOnly,2,PortScan,0.0,0.0,0.0,13607
122,LocalOnly,3,BENIGN,0.89421926910299,0.9849646310845512,0.9374009136762218,314259
122,LocalOnly,3,DDoS,0.0,0.0,0.0,19088
122,LocalOnly,3,DoS GoldenEye,0.0,0.0,0.0,1540
122,LocalOnly,3,DoS Hulk,0.0,0.0,0.0,26057
122,LocalOnly,3,FTP-Patator,0.0,0.0,0.0,882
122,LocalOnly,3,PortScan,0.46416009288665777,0.9988976262217976,0.6338074143156913,13607
122,LocalOnly,4,BENIGN,0.8767735866437028,0.999487683725844,0.9341176680515448,314259
122,LocalOnly,4,DDoS,0.0,0.0,0.0,19088
122,LocalOnly,4,DoS GoldenEye,0.089586969168121,1.0,0.16444207154297918,1540
122,LocalOnly,4,DoS Hulk,0.0,0.0,0.0,26057
122,LocalOnly,4,FTP-Patator,0.0,0.0,0.0,882
122,LocalOnly,4,PortScan,0.0,0.0,0.0,13607
122,LocalOnly,5,BENIGN,0.8388225513703665,0.9985426033940158,0.9117404366345321,314259
122,LocalOnly,5,DDoS,0.0,0.0,0.0,19088
122,LocalOnly,5,DoS GoldenEye,0.0,0.0,0.0,1540
122,LocalOnly,5,DoS Hulk,0.0,0.0,0.0,26057
122,LocalOnly,5,FTP-Patator,0.657185628742515,0.9954648526077098,0.7917042380522994,882
122,LocalOnly,5,PortScan,0.0,0.0,0.0,13607
