round,sample_weighted_local_loss,sample_weighted_local_accuracy,equal_client_local_loss,equal_client_local_accuracy,global_update_norm,mean_client_update_norm,median_client_update_norm,max_client_update_norm,min_client_update_norm,round_training_seconds,feature_count,weighted_local_loss,weighted_local_accuracy,client_1_update_norm,client_2_update_norm,client_3_update_norm,client_4_update_norm,client_5_update_norm
1,0.15203337520830723,0.9668729697657414,0.15305121784325917,0.9683338125047959,2.867512336007978,4.23668575939512,4.088650363624577,4.666993724342085,3.9786704922655316,24.314590899972245,37,0.15203337520830723,0.9668729697657414,4.666993724342085,4.382863140004965,4.066251076738438,3.9786704922655316,4.088650363624577
2,0.16941107396001903,0.9698199666315249,0.16504016740221242,0.9718831563128807,2.6546089944631794,4.32315381704319,4.31917707927264,4.688699993352409,3.926087340234387,23.629224099917337,37,0.16941107396001903,0.9698199666315249,4.688699993352409,4.298887044700023,4.382917627656493,3.926087340234387,4.31917707927264
3,0.0816577976670441,0.9803293809822524,0.08020509203565121,0.9815722044680163,2.0431129112264177,3.97922224630844,4.064193936097667,4.153014679407953,3.5607922926073323,23.925559900002554,37,0.0816577976670441,0.9803293809822524,4.064193936097667,4.153014679407953,4.0496234388729935,3.5607922926073323,4.068486884556256
4,0.07655419264293,0.9808904690936343,0.07474289131253538,0.9820746168559504,1.7793718336224855,3.618099762535999,3.6846085146546157,3.818856173487646,3.1961279340273983,23.819763000123203,37,0.07655419264293,0.9808904690936343,3.6846085146546157,3.818856173487646,3.7521664170764866,3.1961279340273983,3.6387397734338514
5,0.06792490410636783,0.9825417690999702,0.06609673601908425,0.9836565339215904,1.704975472299603,3.497507277887922,3.601110907888684,3.78987348019384,3.0877307094387603,24.24623619997874,37,0.06792490410636783,0.9825417690999702,3.383633938388337,3.78987348019384,3.6251873535299888,3.0877307094387603,3.601110907888684
6,0.06411716981434681,0.9832866520962605,0.062296681690941935,0.9843139585169756,1.6708018018857766,3.352358657484749,3.445222803513444,3.5991037900904006,2.946458469001138,24.24162989994511,37,0.06411716981434681,0.9832866520962605,3.445222803513444,3.5991037900904006,3.487262155830793,2.946458469001138,3.283746068987969
7,0.0635746232452863,0.9835092608077957,0.06178362400301499,0.9845502675148639,1.6306843859337805,3.3453357266722192,3.4094038047355832,3.6128936373495852,2.9266980314827156,23.913421200122684,37,0.0635746232452863,0.9835092608077957,3.4094038047355832,3.6128936373495852,3.4339716235153315,2.9266980314827156,3.343711536277881
8,0.05878356192117079,0.9841085919542362,0.05684561254855293,0.9851045797548315,1.6146990162446775,3.3121997378476267,3.358358432421899,3.7212825790878106,2.888393020026535,23.625796200009063,37,0.05878356192117079,0.9841085919542362,3.358358432421899,3.7212825790878106,3.3638952461341556,2.888393020026535,3.2290694115677314
9,0.05757385743407998,0.9844482129372192,0.0558183849576943,0.9854489515923204,1.5873610581503341,3.2724837298208973,3.315394366493984,3.649373758006965,2.8862990090865694,23.76729439990595,37,0.05757385743407998,0.9844482129372192,3.315394366493984,3.649373758006965,3.3554225929006996,2.8862990090865694,3.155928922616269
10,0.05444945953981547,0.984829501704669,0.05262543878829075,0.985800104456121,1.6319507556913653,3.283008951576221,3.327284116323439,3.5587065957320068,2.8897166391407647,23.931619899813086,37,0.05444945953981547,0.984829501704669,3.327284116323439,3.5587065957320068,3.2734837045491374,2.8897166391407647,3.3658537021357566
